actor_id,login,name,email,bio,tag,Number of followers,Number of following,tfidf_similarity,Number of Activity,Number of Issue,Number of Pull Request,Number of Repository,Number of Commit,Number of Active day,Periodicity of Activities,Number of Connection Account,Median Response Time,label
87618423,0,0,0,0,0,15,0,0.095548613,81124,4,10,48,81059,122,0.932060118,2,531.0,Bot
74838964,0,0,0,0,0,0,0,0.459043889,62405,39189,0,2,23214,361,0.931181601,103,13059.4303,Bot
9011267,1,0,1,0,0,299,0,0.592872871,155847,2191,4141,142094,7410,361,0.917381387,92,13059.4303,Bot
30189103,1,0,0,0,0,20,0,0.602677715,90220,88690,1201,255,74,292,0.894979702,662,50227.75,Bot
57559326,0,0,0,0,0,1,0,0.0,4442,72,293,304,3773,323,0.894860354,6,104465.8493,Bot
29703080,0,0,0,0,1,0,0,0.701310854,10269,10269,0,0,0,347,0.88859582,104,69080.5,Bot
41898282,0,0,0,0,1,0,0,0.031883321,43120984,2503275,1147673,2328124,35804618,361,0.871835702,10669,128510.75,Bot
12962539,1,0,0,0,0,9,0,0.84508113,162792,9525,0,145,153122,361,0.860755013,77,52181.25,Bot
57515506,0,0,0,0,0,6,5,0.143733516,26444,1255,81,108,24993,250,0.85643745,3,13059.4303,Bot
70911038,1,0,0,0,0,9,3,0.913810651,366071,6,0,2,366063,297,0.852220767,1,13059.4303,Bot
40209326,0,0,0,0,1,0,0,0.831605621,280386,280368,18,0,0,361,0.832684113,1466,13059.4303,Bot
32688539,1,0,0,0,1,0,0,0.0,86797,24,35990,35674,15109,360,0.830906571,108,2758.285714,Bot
59560949,0,0,0,0,0,0,0,0.561164217,28560,10900,0,0,17660,360,0.828622972,12,13059.4303,Bot
42928436,0,0,0,0,1,0,0,0.080531111,120471,120471,0,0,0,217,0.823407341,122,204132.8333,Bot
36971155,0,0,0,0,1,0,0,0.910224067,11492,11492,0,0,0,344,0.822434737,29,13059.4303,Bot
33298198,1,1,0,0,0,24,0,0.246477106,15270,15270,0,0,0,359,0.821188574,1,13059.4303,Bot
77938843,0,0,0,0,0,0,0,0.0,773320,43,0,32,773244,51,0.803762293,1,13059.4303,Bot
31197662,0,0,0,0,1,0,0,0.0,7917,7917,0,0,0,231,0.792467494,93,0.181818182,Bot
4502793,0,0,0,0,0,93,0,0.143506082,339269,293549,27755,16295,1670,361,0.773662671,261,48814.66667,Bot
48569085,1,0,0,0,1,0,0,0.547840425,116378,53072,20973,21078,21255,310,0.772106423,126,13059.4303,Bot
27856297,0,0,0,0,1,0,0,0.383271902,7569808,1223896,2847280,2975069,523563,299,0.771488058,5317,78483.95833,Bot
39514782,0,0,0,0,1,0,0,0.806103731,1003925,1003925,0,0,0,361,0.763382751,1372,13059.4303,Bot
30536864,1,0,0,0,0,0,0,0.0,219404,36350,73098,73129,36827,361,0.754713326,231,13059.4303,Bot
30538765,1,0,0,0,0,2,0,0.0,219775,36372,73222,73181,37000,361,0.751738782,240,13059.4303,Bot
30537854,1,0,0,0,0,1,0,0.0,219152,36285,73030,73016,36821,361,0.748312565,209,13059.4303,Bot
42427874,0,0,0,0,0,0,0,0.828603351,8975,8975,0,0,0,359,0.744872816,5,13059.4303,Bot
47257959,0,0,0,0,0,1,0,0.503102612,53559,36909,1,43,16606,238,0.739277673,1,13059.4303,Bot
47766566,0,1,0,1,0,1,1,0.0,10831,176,111,332,9915,359,0.736605518,5,19.53846154,Bot
37936606,0,0,0,0,1,0,0,0.113047419,3217563,2521058,601072,28061,67211,361,0.736283999,1905,13059.4303,Bot
75433959,1,0,0,0,1,0,0,0.316329849,640736,634933,3726,66,2011,361,0.728472341,687,80677.4,Bot
78034891,1,0,0,0,0,32,1,0.586334956,14383,14383,0,0,0,237,0.726292486,214,52735.25,Bot
22429695,0,0,0,0,1,0,0,0.743158599,844553,844553,0,0,0,361,0.725899183,4104,13059.4303,Bot
79414145,1,0,0,0,1,0,0,0.342430826,96140,96140,0,0,0,104,0.72423216,2,0.25,Bot
94155176,0,0,0,0,0,1,0,0.0,54945,54942,0,2,1,29,0.720473901,2,1140.5,Bot
20407524,1,0,0,0,0,523,0,0.345294397,312670,250119,32702,93,29756,361,0.717443925,1139,76692.875,Bot
30164659,0,0,0,0,0,2,0,0.755843209,21448,1860,3596,1417,14549,353,0.717183695,20,227559.75,Bot
49695357,0,0,0,0,0,0,0,0.086357818,289539,98686,77578,70475,42800,150,0.713909678,250,1.36,Bot
64729760,0,0,0,0,0,12,9,0.602974816,111241,88795,1,47,22396,340,0.70983271,86,13059.4303,Bot
44651202,0,0,1,1,0,13,0,0.405857343,32621,22320,4364,378,5559,342,0.70861398,102,7015.5,Bot
61254497,0,0,0,0,0,2,0,0.497862097,16590,1032,0,7675,7866,337,0.704255971,15,110156.38,Bot
30189218,0,0,0,0,0,65,0,0.0,110139,2716,43581,2394,61448,360,0.698925659,641,13931.40816,Bot
42973632,0,0,0,0,0,16,0,0.039033557,102561,68209,11108,5717,17527,360,0.694774312,308,96775.35294,Bot
36466523,0,0,0,0,1,0,0,0.800104454,27835,27835,0,0,0,361,0.693879181,220,13059.4303,Bot
43144390,0,0,0,0,1,0,0,0.507588823,57021,57021,0,0,0,361,0.69156149,712,56724.0,Bot
53056553,0,0,1,0,0,6,1,0.671364071,3796,483,295,11,2970,361,0.69118929,9,98767.4375,Bot
21015829,0,0,0,0,1,0,0,0.437412746,10105,10105,0,0,0,339,0.690705967,90,98808.0,Bot
15467072,1,0,0,0,0,333,0,0.513164267,53512,4610,482,3202,45218,360,0.689330641,82,48540.66667,Bot
6948709,0,0,0,0,0,12,0,0.0,108109,304,9842,52143,5414,357,0.686022474,58,4638.0,Bot
79381923,1,0,0,0,1,0,0,0.471835347,111655,111655,0,0,0,139,0.683875925,2,13059.4303,Bot
15837671,0,0,0,0,0,34,0,0.126478132,107286,46748,1588,30361,28331,360,0.683191942,490,289347.0,Bot
62694369,1,0,0,0,0,48,0,0.943455736,29698,4906,10110,10564,4118,357,0.681361687,60,135460.8571,Bot
51384143,1,0,0,1,0,0,1,0.372060577,14928,223,62,2,14641,354,0.680446785,5,0.0,Bot
58020879,0,0,0,0,0,0,0,0.0,77177,5820,13954,43384,14019,356,0.679979297,52,13059.4303,Bot
73116608,0,0,0,0,1,0,0,0.99013223,19189,54,3,8111,11021,354,0.676905181,31,4835.462963,Bot
37929162,0,0,0,0,1,0,0,0.107123905,552423,43976,199499,109831,199117,361,0.673857304,1461,115198.8,Bot
49659427,0,0,0,0,0,1,0,0.0,42561,3803,38758,0,0,150,0.670716209,32,0.132075472,Bot
76908410,0,0,0,0,0,2,0,0.0,7560,1544,2521,41,3454,135,0.661933605,47,138.6024096,Bot
41213312,0,0,1,0,0,9,0,0.419672697,63649,42215,10866,259,10309,353,0.658869446,124,79227.0,Bot
72751432,0,0,0,0,1,0,0,0.577553304,48532,48532,0,0,0,142,0.655675566,3,0.0,Bot
53356347,0,0,0,0,0,1821,0,0.265231471,74837,2005,7935,15363,44625,358,0.646621656,184,88218.5,Bot
43336896,0,0,0,0,1,0,0,0.785770977,9752,9505,247,0,0,355,0.643012154,157,71912.0,Bot
55858104,1,0,0,0,1,0,0,0.075988333,102516,102516,0,0,0,328,0.642779957,798,30242.28571,Bot
6102858,0,0,0,0,0,2,0,0.765802273,3960,933,8,2479,175,356,0.639299133,8,21067.6,Bot
16837285,0,0,0,0,0,144,0,0.024548405,151300,17610,12567,38,121084,345,0.638756331,289,282386.75,Bot
52951923,0,0,0,0,0,0,0,0.709297267,8366,25,0,6,8333,341,0.638655346,1,13059.4303,Bot
86325950,0,0,0,0,0,0,0,0.0,56621,5604,51017,0,0,161,0.636522931,35,13059.4303,Bot
34882892,1,0,0,0,0,128,0,0.0,71042,171,277,44751,25677,342,0.635937655,3,13059.4303,Bot
63355234,0,0,0,0,0,0,0,0.976629613,49345,128,143,3380,45694,357,0.634342358,7,866.0,Bot
75068438,1,0,0,0,1,0,0,0.141843865,5383,5383,0,0,0,313,0.632104483,90,13059.4303,Bot
6422482,1,0,0,0,0,1489,0,0.153654126,166269,63024,18546,4428,80236,361,0.630960498,543,62984.5,Bot
86326137,0,0,0,0,0,2,0,0.078048641,348774,108253,94089,76062,70370,161,0.629757318,224,13059.4303,Bot
5184102,0,0,0,0,0,32,0,0.0,78896,9,9,0,78878,360,0.629514019,1,13059.4303,Bot
43336822,0,0,0,0,1,0,0,0.22834126,71291,30759,7299,0,33233,358,0.628651071,179,85610.5,Bot
69833949,0,0,0,1,0,1,0,0.467502022,11887,2198,0,1,9688,361,0.62625128,6,13059.4303,Bot
39689386,0,0,0,0,1,0,0,0.0,4724,4724,0,0,0,344,0.620239924,39,40290.5,Bot
46904574,0,0,0,0,0,14,0,0.406398522,28123,6846,0,21277,0,356,0.61850323,82,13059.4303,Bot
44709815,0,0,0,0,1,0,0,0.0,6903,6903,0,0,0,355,0.618324519,88,13059.4303,Bot
36231209,1,0,1,0,0,0,0,0.0,4290,3056,652,110,469,354,0.614007969,4,79608.87,Bot
18567580,0,0,0,0,0,8,0,0.480263952,164851,70400,3380,1984,89087,361,0.613750477,435,13059.4303,Bot
92114575,0,0,0,0,1,0,0,0.371530333,3246,2475,391,7,373,64,0.609559464,42,140692.0,Bot
56469371,1,1,0,0,0,0,0,0.692711716,28203,16320,5549,106,6149,210,0.60583205,107,43509.0,Bot
82299066,0,0,0,0,0,0,0,0.298443917,88629,28618,17198,16130,26683,160,0.603068292,104,13059.4303,Bot
8108735,0,0,0,0,0,67,0,0.22037536,43556,43556,0,0,0,349,0.601622886,92,148.5340909,Bot
4031291,0,0,0,0,0,37,0,0.0,14851,14851,0,0,0,361,0.600449649,96,285.5172414,Bot
54940324,1,0,0,0,0,0,0,0.157251653,36400,12041,8411,15431,517,357,0.597753817,221,61346.05882,Bot
9448959,1,0,0,0,0,4,0,0.403892035,9523,9523,0,0,0,334,0.595062183,91,4065.65,Bot
49419645,1,0,0,0,1,0,0,0.567288014,48233,48233,0,0,0,360,0.594718641,345,13059.4303,Bot
25687724,1,0,0,0,0,6,0,0.444394996,74689,61822,4778,566,7330,361,0.594288587,137,77928.8,Bot
71242396,1,0,1,0,0,27,1,0.147351471,129271,80136,16660,4044,28431,358,0.590377878,291,65006.16667,Bot
86369174,1,0,0,1,0,0,0,0.519137901,71550,34135,12402,12385,12628,160,0.58740615,93,13059.4303,Bot
43080478,0,0,0,0,0,58,0,0.923953536,19493,14261,1900,1912,1281,361,0.587187639,79,75809.35294,Bot
15893131,1,0,0,0,0,4,0,0.583392072,46637,5676,4566,4554,31735,348,0.584960899,92,13059.4303,Bot
52198440,0,0,0,0,1,0,0,0.015165294,36088,10269,0,0,25819,357,0.581376756,154,41825.0,Bot
94144367,1,0,0,0,0,4,0,0.410712311,7294,7294,0,0,0,51,0.577332918,178,54903.33333,Bot
4170616,0,0,0,0,0,25,0,0.107235185,233215,29078,3073,49815,151150,361,0.574440247,91,59416.66667,Bot
61076533,0,0,0,0,1,0,0,0.0,24924,24924,0,0,0,359,0.572736104,163,13059.4303,Bot
49736102,0,0,0,0,1,0,0,0.841933027,309440,7387,171164,48877,82012,361,0.571330223,462,64649.5,Bot
63198135,1,0,0,0,1,0,0,0.0,15420,15420,0,0,0,352,0.570578445,125,13059.4303,Bot
83668334,0,0,0,0,0,13,0,0.440928121,2953,329,10,12,2602,225,0.56871501,42,15533.0,Bot
57364268,1,0,0,0,0,1,0,0.476455567,6985,123,0,1,6861,145,0.564694463,1,2501.5,Bot
43480880,0,0,0,0,1,0,0,0.720869696,4881,4881,0,0,0,355,0.563100897,420,165121.0,Bot
37854986,0,0,0,0,0,4,0,0.556812057,9313,9313,0,0,0,339,0.560350873,195,67436.75,Bot
37855015,0,0,0,0,0,7,0,0.52174211,9147,9147,0,0,0,341,0.557916972,192,56581.83333,Bot
37626415,0,0,0,0,0,24,0,0.252334201,21787,1367,6335,9421,4664,360,0.555862462,44,7.666666667,Bot
77021077,0,0,0,0,0,0,0,0.0,65907,4,0,11,65892,62,0.555248231,1,17.33333333,Bot
79088220,0,0,0,0,1,0,0,0.10807551,7445,7445,0,0,0,252,0.555058087,35,43123.5,Bot
20963210,0,0,0,0,0,142,0,0.092008567,10337,3171,627,1778,4428,358,0.554948444,6,21.56,Bot
52199148,1,0,0,0,0,2,0,0.588518964,1186,41,17,21,1092,279,0.554462694,7,134.9090909,Bot
3895341,0,0,0,0,0,5,0,0.597635569,6888,2250,0,89,4549,182,0.553853566,4,13059.4303,Bot
26586327,0,0,0,0,0,2,0,0.0,25576,10799,0,3,14773,208,0.553208427,1,13059.4303,Bot
31047340,0,0,0,0,0,5,0,0.179814524,16091,16071,10,1,0,348,0.552586017,70,62991.6,Bot
31677740,0,0,0,0,0,0,0,0.720364644,12892,2300,3492,3464,3636,178,0.552177425,12,1520.0625,Bot
60386806,1,0,0,0,0,1,0,0.0,13551,224,178,191,12958,360,0.552026883,5,13059.4303,Bot
57463719,0,0,0,0,1,0,0,0.335300014,397,397,0,0,0,147,0.551315827,23,22705.59375,Bot
41968677,1,0,0,0,0,2,0,0.35352514,35947,30133,2397,816,2484,356,0.551100319,56,160198.8571,Bot
53064849,0,0,0,0,1,0,0,0.389521663,13817,13797,20,0,0,359,0.550821854,179,13059.4303,Bot
42748379,0,0,0,0,1,0,0,0.914970574,110574,752,32047,34340,43435,361,0.547882863,165,13059.4303,Bot
36771401,0,0,0,0,1,0,0,0.266326154,123431,87244,441,26531,8312,361,0.545353252,1113,70704.375,Bot
31901150,1,0,0,0,0,0,0,0.0,483,249,0,64,170,129,0.543844139,4,1.0,Bot
16718781,0,0,0,0,0,0,0,0.18297906,11875,4770,0,0,7105,355,0.543184217,20,52445.6,Bot
46564150,1,0,0,0,1,0,0,0.0,21548,21548,0,0,0,360,0.542965641,209,13059.4303,Bot
25311884,1,0,1,0,0,41,0,0.728904831,57002,33269,11064,1064,11605,359,0.540992846,139,13059.4303,Bot
47790158,1,0,0,0,0,2,0,0.0,3307,3307,0,0,0,354,0.540835791,40,2463.5,Bot
63493438,0,0,0,0,1,0,0,0.487174112,30891,272,29621,15,983,312,0.540790945,98,18165.59259,Bot
39779558,0,0,0,0,1,0,0,0.262705446,852,808,44,0,0,165,0.540782891,17,31108.0,Bot
37855124,0,0,0,0,0,9,0,0.493605366,9428,9428,0,0,0,340,0.534985591,192,62192.0,Bot
2354108,0,0,0,0,0,214,0,0.531396324,180558,180558,0,0,0,358,0.534905717,1348,187145.6667,Bot
36490558,1,0,0,1,0,26,0,0.353097118,239632,4054,47764,84165,103649,361,0.5336358,473,219030.3846,Bot
54081388,1,0,0,0,1,0,0,0.843180923,23102,23102,0,0,0,359,0.532422458,287,195635.0,Bot
76961798,0,0,0,0,0,0,0,0.503102612,6904,2951,0,0,3953,236,0.531711306,1,13059.4303,Bot
33906690,0,0,0,0,0,9,1,0.477120168,98346,85842,5985,87,6432,356,0.530798878,86,168489.0,Bot
30606887,0,0,0,0,1,0,0,0.105802344,23883,23883,0,0,0,361,0.530717759,732,130362.0,Bot
26440463,1,0,0,1,0,77,0,0.29864214,18814,10460,47,1479,6768,358,0.529746853,67,79531.0,Bot
89770411,1,0,0,0,1,0,0,0.163645045,2324,2172,152,0,0,43,0.529294766,13,13059.4303,Bot
22779605,0,0,0,0,1,0,0,0.290366308,138336,6833,41124,24231,65859,360,0.527235361,211,13059.4303,Bot
8862693,1,0,0,0,0,144,0,0.036857765,50109,50109,0,0,0,361,0.526961583,53,63519.36,Bot
41993974,0,0,0,0,1,0,0,0.035898193,15766,15766,0,0,0,361,0.526678809,224,78875.0,Bot
1779249,1,0,0,0,0,42,0,0.028624084,227308,201457,4201,1435,20215,361,0.525429591,552,122193.1111,Bot
71083854,0,0,0,0,1,0,0,0.261773028,9363,9363,0,0,0,357,0.525026923,101,13059.4303,Bot
37855075,0,0,0,0,0,10,0,0.508835124,9341,9341,0,0,0,334,0.520436318,184,53091.72727,Bot
56610014,0,0,0,0,1,0,0,0.068388484,14833,14833,0,0,0,358,0.519453453,205,183663.96,Bot
74506764,0,0,0,0,1,0,0,0.491645201,4205,240,423,412,3130,358,0.51847516,3,13059.4303,Bot
34695204,0,1,0,0,0,0,0,0.21123436,11706,164,0,14,11513,357,0.514598552,1,10449.0,Bot
67733299,0,0,0,1,0,12,2,0.057044805,6699,1224,777,22,4526,360,0.511728056,12,22478.66667,Bot
12432488,0,0,0,0,0,2,0,0.380065464,3338,3338,0,0,0,237,0.509346061,83,13059.4303,Bot
18333116,0,0,0,0,0,25,0,0.22202467,22028,14694,67,979,5711,331,0.507500417,205,216943.5,Bot
26566442,1,0,0,0,0,47,0,0.04463203,444,414,13,0,6,44,0.506872852,15,216.8,Bot
54082712,0,0,0,0,1,0,0,0.921770316,2989,2989,0,0,0,128,0.5038292,137,132082.3333,Bot
10861600,0,0,0,0,0,0,0,0.285227384,59634,41010,0,9,18615,206,0.499794504,2,13059.4303,Bot
28524381,1,0,0,0,0,9,1,0.421631508,7140,6796,0,53,267,325,0.497962535,22,113744.3333,Bot
63029101,1,0,0,0,1,0,0,0.168967312,41882,16274,349,12,25247,359,0.497436065,160,13059.4303,Bot
52682268,0,0,1,0,0,68,0,0.650152611,24209,8650,7271,179,8109,359,0.49636205,193,62569.0,Bot
63816999,0,0,0,0,0,48,0,0.047081205,76684,57494,3787,5012,10391,361,0.496159211,128,13059.4303,Bot
8864000,0,0,0,0,0,1,0,0.122623879,7825,96,6,186,7537,315,0.494934698,4,13059.4303,Bot
15823519,0,0,0,0,0,5,0,0.882973425,3755,3755,0,0,0,298,0.49378739,16,58424.46667,Bot
73139402,0,0,0,0,1,0,0,0.744823923,35256,35256,0,0,0,301,0.493716515,114,13059.4303,Bot
29553947,0,0,0,1,0,11,0,0.248341414,10382,6681,0,0,3528,357,0.492795613,15,49707.5,Bot
51150235,0,0,0,0,0,0,0,0.62761296,107744,230,23963,42714,39395,328,0.491567608,115,13059.4303,Bot
17270325,0,0,0,0,0,6,0,0.605355353,8858,290,513,902,6941,352,0.490612406,16,37805.94737,Bot
51506086,0,0,0,0,1,0,0,0.703359642,1236,1226,10,0,0,223,0.490490351,55,70915.72,Bot
48600411,0,0,0,0,1,0,0,0.407065361,6947,6947,0,0,0,354,0.48866724,81,40841.0,Bot
36754821,0,0,0,0,1,0,0,0.60952072,196189,174346,21843,0,0,360,0.488408275,333,69766.2,Bot
65553080,0,0,0,0,0,33,0,0.75808562,241349,241349,0,0,0,256,0.488257,1914,99032.0,Bot
20182680,1,0,0,0,0,26,0,0.0,37089,1292,0,11618,12531,359,0.486529425,11,41116.0,Bot
25405787,0,0,0,0,0,15,0,0.112257245,4069,2129,46,29,1865,342,0.486113087,60,97611.69697,Bot
11571300,0,0,0,0,0,147,0,0.685017442,76438,76438,0,0,0,361,0.485932953,1846,13059.4303,Bot
69001827,0,0,0,1,0,0,0,0.809381206,577,577,0,0,0,38,0.479462433,16,105538.5761,Bot
19979279,0,0,1,1,0,151,0,0.0,7500,2970,766,102,3662,359,0.472989063,20,13059.4303,Bot
26720499,0,0,0,0,0,18,0,0.962690317,17,9,0,0,8,15,0.472027972,3,13059.4303,Bot
27495990,1,0,0,1,0,2,0,0.0,18332,1,2923,914,14494,334,0.470983668,21,13.0,Bot
42042535,0,0,0,0,0,214,0,0.252334201,13462,1252,3934,5503,2773,352,0.470693907,50,13059.4303,Bot
35607980,0,0,0,0,1,0,0,0.8472193,9833,9833,0,0,0,356,0.469773469,77,13059.4303,Bot
14330603,0,0,0,0,0,8,0,0.180754604,8547,2645,223,3757,1922,339,0.469575083,15,184174.0,Bot
52562448,1,0,0,0,0,0,0,0.0,3649,3649,0,0,0,320,0.468664782,64,34539.14815,Bot
30351955,1,0,0,0,0,5,0,0.632585454,16866,533,3213,11586,1479,347,0.468517409,22,28880.71111,Bot
27334172,0,0,0,0,0,52,0,0.394501539,64763,3638,20473,20441,20211,360,0.467581161,142,99004.08511,Bot
53030124,1,0,1,0,0,5,0,0.34084739,6357,6118,239,0,0,355,0.465822243,129,154450.5763,Bot
24444246,1,0,0,1,0,32,0,0.569077343,3806,96,175,170,3365,345,0.462485717,8,70861.75,Bot
37411558,0,0,0,0,0,25,0,0.351372986,9064,9064,0,0,0,358,0.461833408,139,143692.6415,Bot
50554310,0,0,0,0,0,31,0,0.307952615,88314,26758,20350,20677,20529,361,0.460606009,143,418535.5,Bot
43237426,1,0,0,0,0,1,0,0.373642418,45257,10283,6863,7133,17799,295,0.460486644,51,2.673469388,Bot
65603201,0,0,0,0,1,0,0,0.145874391,6470,6470,0,0,0,335,0.459880501,164,101248.0,Bot
67918504,0,0,0,0,0,4,0,0.809030713,19183,4391,386,463,13936,353,0.457401791,37,13059.4303,Bot
66930949,0,0,0,0,0,5,0,0.075867536,24503,13615,5425,3991,1370,316,0.454530799,197,48956.33333,Bot
57676739,0,0,0,0,1,0,0,0.804817454,3236,3236,0,0,0,59,0.454299753,46,512929.0,Bot
13561988,0,0,0,1,0,0,0,0.115569962,1392,132,506,337,417,288,0.453615357,14,422.12,Bot
6270979,1,1,0,0,0,86,0,0.0,7802,34,0,3175,1332,359,0.449192427,4,32703.8,Bot
8736538,1,0,0,0,0,0,0,0.0,3887,12,2757,561,557,147,0.447182804,16,1894.4,Bot
54863671,1,0,0,0,1,0,0,0.0,11629,11629,0,0,0,350,0.446126822,160,51884.05882,Bot
31079468,1,0,0,0,0,2,0,0.0,9374,1,788,897,4235,357,0.444990329,5,4388.0,Bot
17834419,0,0,0,0,0,7,0,0.270200005,6108,6108,0,0,0,358,0.444563272,62,76888.46154,Bot
28546240,0,0,0,1,0,111,0,0.098946662,743,717,17,3,0,54,0.443311524,67,175478.0,Bot
68531283,0,0,0,0,0,189,0,0.923420028,3152,2,0,181,2969,198,0.442582082,1,92882.0,Bot
62039782,1,0,0,0,0,76,0,0.425315815,93458,93447,8,3,0,361,0.440911557,413,114979.0,Bot
60162190,0,0,0,0,1,0,0,0.0,144697,9579,49345,34701,51072,355,0.440043973,198,13059.4303,Bot
30732788,0,0,0,0,1,0,0,0.727121507,3796,3796,0,0,0,338,0.435475964,48,13059.4303,Bot
47433925,0,0,0,0,0,1,0,0.563704541,35195,14134,21036,1,24,359,0.434761194,61,166504.7059,Bot
69588470,1,0,0,0,0,0,0,0.045115934,7765,359,454,428,6515,289,0.434341832,25,32415.03333,Bot
37820187,1,0,0,0,0,3,0,0.534167941,1945,1800,34,20,91,252,0.432619482,4,80086.33333,Bot
36074895,1,0,0,0,0,1,0,0.852619632,1773,76,0,802,98,184,0.432194806,5,8855.285714,Bot
47040946,0,0,0,0,0,21,0,0.076163797,26024,8531,7068,5962,4463,357,0.429545139,91,13059.4303,Bot
33322735,0,0,0,0,0,7,0,0.597119394,25386,10391,7341,7526,128,322,0.426732962,445,120836.5,Bot
12387510,0,0,0,0,0,9,0,0.346262415,5815,349,0,0,5466,354,0.426402687,65,4020.85,Bot
37350809,1,0,0,0,0,5,0,0.0,2275,1058,58,415,555,246,0.426088031,41,0.6,Bot
62120345,1,0,1,0,0,6,0,0.751207468,3943,106,327,922,2330,358,0.424335286,6,267.2941176,Bot
86324825,0,0,0,0,1,0,0,0.759868463,3340,2198,49,74,1019,134,0.423680107,55,13059.4303,Bot
45370463,0,0,0,1,0,28,0,0.0,6729,16,604,3406,2686,297,0.422787399,19,33716.5,Bot
42390046,0,0,0,0,0,3,0,0.0,83,77,0,6,0,55,0.421686747,4,13059.4303,Bot
77466803,0,1,0,1,0,7,0,0.437824451,8070,8067,3,0,0,233,0.421112424,311,63.56521739,Bot
33589210,1,0,0,0,0,0,0,0.0,22524,22451,3,35,2,222,0.420888099,14,13059.4303,Bot
65761570,1,0,0,0,0,126,0,0.982289928,20556,6902,6693,1,6960,359,0.420467802,64,13059.4303,Bot
28159383,0,0,0,1,0,1,0,0.49049713,3136,3136,0,0,0,218,0.420287041,4,53868.43333,Bot
40893967,1,0,0,0,0,1,0,0.59581751,53488,45691,3267,10,4489,332,0.419045689,83,57108.91667,Bot
71379294,1,0,0,0,1,0,0,0.175698256,8734,8734,0,0,0,340,0.415707771,167,208829.0,Bot
23526893,1,0,0,0,0,54,0,0.045058355,3962,3166,8,48,717,346,0.413150372,31,653.4,Bot
26602665,1,0,0,0,0,12,2,0.0,6940,1758,709,798,3296,260,0.412548477,14,175.6,Bot
16944030,1,0,0,0,0,1,0,0.401192854,17153,1945,1023,6732,1575,293,0.409664622,16,7227.466667,Bot
23042052,1,0,1,0,0,126,0,0.122708655,42556,34340,3742,160,4314,361,0.408323203,386,134472.0,Bot
43602702,1,0,0,0,0,0,0,0.103471949,3131,11,24,338,2699,308,0.40783777,9,3634.727273,Bot
7806257,1,0,0,0,0,13,0,0.31018839,7344,6333,253,272,486,355,0.40562337,33,13059.4303,Bot
55852648,1,0,0,0,0,1,0,0.427432621,9385,7443,984,0,958,323,0.405495728,41,94507.44444,Bot
7378925,0,0,0,0,0,91,0,0.318889943,13344,7626,0,0,5718,360,0.40448013,264,13059.4303,Bot
40266137,0,0,0,0,0,3,0,0.449328305,670,483,0,0,187,50,0.403406021,55,63.5952381,Bot
22749208,0,0,0,0,0,2,0,0.720632899,13558,1129,0,0,12429,356,0.40245394,8,0.0,Bot
14542386,1,0,0,0,0,33,0,0.665021183,43097,4810,3261,177,34849,361,0.40178925,93,136435.0,Bot
58596630,0,0,0,0,1,0,0,0.763973676,56869,23432,25450,4022,3965,360,0.398946202,108,101987.25,Bot
32328362,0,0,0,0,1,0,0,0.527601603,13255,13255,0,0,0,360,0.398761397,112,13059.4303,Bot
58983587,1,0,0,0,0,1,0,0.802775549,1120,320,397,399,0,213,0.398356214,33,5637.607143,Bot
47222911,0,0,0,0,1,0,0,0.838403131,40882,9284,1,18746,12851,360,0.397717435,74,90059.0,Bot
46743201,1,0,0,0,1,0,0,0.521756489,3587,2280,435,441,431,337,0.397083109,65,13059.4303,Bot
19297776,1,0,0,0,0,3,0,0.220217194,8425,7112,0,13,1300,351,0.396610726,22,85305.7931,Bot
44850638,1,0,0,0,0,1,3,0.0,112,23,0,16,56,28,0.394915542,2,7592.47619,Bot
64123634,0,0,0,0,1,0,0,0.620477953,3743,3743,0,0,0,325,0.394281189,19,13059.4303,Bot
11063859,0,0,0,1,0,7,0,0.399354728,19056,1231,2473,2470,12882,357,0.393044201,12,30.58333333,Bot
24593911,1,0,0,1,0,0,0,0.0,88,17,0,23,48,17,0.392999171,4,13059.4303,Bot
87151047,0,0,0,0,0,8,0,0.358434664,7745,5077,958,865,845,158,0.391804641,55,13059.4303,Bot
6585283,0,0,0,0,0,56,0,0.378439892,2674,2614,48,0,12,345,0.391610518,55,60507.75,Bot
56403804,0,0,0,0,1,0,0,0.344200196,1845,1810,0,2,33,85,0.389700569,42,52031.87879,Bot
615952,0,0,0,0,0,3,1,0.0,483223,1,0,119,483103,231,0.388579864,2,13059.4303,Bot
63790625,1,0,0,0,0,0,0,0.130587323,11696,11687,1,0,0,322,0.382514882,77,69682.42857,Bot
47586280,1,0,0,0,0,34,0,0.415543177,15909,10464,2700,290,2453,337,0.382237833,54,103977.6667,Bot
30733101,0,0,0,0,1,0,0,0.0,2487,2487,0,0,0,345,0.381787708,82,13059.4303,Bot
55107282,0,0,0,0,1,0,0,0.0,50479,2909,9849,11900,22835,354,0.376833725,70,70701.0,Bot
2222479,0,0,0,0,0,88,1,0.018404137,723,35,122,49,516,199,0.375872782,5,6822.2,Bot
32686087,1,0,0,0,0,72,2,0.754673253,150,150,0,0,0,29,0.375567666,14,8493.651515,Bot
9386276,1,0,0,0,0,0,0,0.691005465,205,32,28,116,29,79,0.374561522,4,3251.333333,Bot
54052619,0,0,0,0,1,0,0,0.305797024,9475,6460,3,464,2548,50,0.3740479,59,43276.0,Bot
30785616,0,0,0,0,0,0,1,0.59479522,6151,2086,5,13,4047,349,0.372306915,1,13059.4303,Bot
20559710,0,0,0,0,0,15,0,0.124650542,28291,22923,0,911,4457,357,0.371986451,122,160668.1429,Bot
35613825,0,0,0,0,1,0,0,0.801078525,3995466,883125,0,24632,3087709,361,0.371439405,1612,13059.4303,Bot
71103415,0,0,0,0,0,0,0,0.071841493,474838,15,52,2,474769,355,0.369787526,3,151.9166667,Bot
52382196,1,0,0,0,0,1,0,0.539942283,7066,90,2804,2817,1292,223,0.369699971,13,13059.4303,Bot
49161187,1,0,0,0,0,3,0,0.0,7457,556,3418,3455,28,265,0.368929692,66,14398.0,Bot
55398412,0,0,0,0,0,22,0,0.987414799,3707,117,0,90,3402,236,0.368149997,2,835.03,Bot
8655789,1,0,0,0,0,128,0,0.714700317,65040,65037,0,0,3,107,0.367322359,1213,912.5,Bot
14998418,1,0,0,0,0,6,0,0.331083205,7860,4147,460,592,2661,355,0.366337809,27,66097.75,Bot
63125349,0,0,0,0,1,0,0,0.037865864,3881,1953,289,570,1069,312,0.366327102,86,78034.5,Bot
5184438,0,0,0,0,0,5,0,0.94648774,7272,15,3487,989,2551,263,0.366018625,26,43618.0,Bot
82042599,0,0,0,0,1,0,0,0.0,8676,1318,1321,2620,2088,202,0.364874256,22,13059.4303,Bot
9459943,0,0,0,0,0,2,0,0.0,22,22,0,0,0,19,0.363636364,3,189.25,Bot
46752965,0,0,0,0,1,0,0,0.133318345,8056,8056,0,0,0,330,0.362789186,43,13059.4303,Bot
17282096,1,0,0,0,0,6,0,0.23476035,6008,6008,0,0,0,325,0.360869611,4,61367.94643,Bot
82517672,1,0,0,0,1,0,0,0.586103363,355,355,0,0,0,124,0.360757991,59,260.8571429,Bot
21208769,0,0,0,0,0,4,0,0.188779858,2830,1711,0,328,185,256,0.35966464,30,57458.0,Bot
26825291,0,0,0,0,1,0,0,0.095732604,204,196,8,0,0,69,0.35903739,48,12372.75,Bot
44816363,0,0,0,1,0,78,0,0.308942107,81234,12538,26908,26187,9950,357,0.358150843,127,77974.0,Bot
13025337,1,0,0,0,0,51,0,0.0,201886,166,1097,95603,104835,361,0.357948405,30,51927.35385,Bot
23114548,1,0,0,0,0,4,0,0.305873914,845,841,2,2,0,246,0.356335098,39,2862.652174,Bot
17168675,0,0,0,0,0,1,0,0.188202207,3486,3004,287,0,195,237,0.355884913,4,13059.4303,Bot
49910426,1,0,0,0,1,0,0,0.377175052,17563,12550,2486,0,2527,358,0.355553341,51,13059.4303,Bot
18269663,1,0,0,0,0,123,0,0.0,6928,6222,224,37,445,355,0.355473329,115,129714.3333,Bot
33714816,1,0,0,0,1,0,0,0.266356719,7558,7558,0,0,0,336,0.354579764,72,115908.625,Bot
7571158,0,0,0,0,0,0,0,0.0,205646,31362,29009,94883,50349,207,0.354400021,183,42596.71429,Bot
25307165,0,0,0,0,0,1,0,0.122922309,9827,7923,1,413,1490,331,0.353680508,10,64517.5,Bot
27903976,0,0,1,0,0,853,0,0.522298564,7020,7019,0,1,0,350,0.352293709,72,135361.0909,Bot
76512065,0,0,0,1,0,5,0,0.286269781,7492,4539,709,386,1856,140,0.351107348,18,13059.4303,Bot
8766638,0,0,0,0,0,1,1,0.085402655,1392,1392,0,0,0,146,0.349745441,3,1911.030769,Bot
26633764,1,0,0,0,0,0,0,0.141646296,2706,719,0,0,1987,255,0.348316972,10,1616.054545,Bot
45893816,1,0,0,1,0,14,0,0.0,3499,953,0,853,854,54,0.347160182,10,13059.4303,Bot
24274798,1,0,0,0,0,2,0,0.70472265,14798,5210,64,9509,15,271,0.344165701,89,60964.61111,Bot
52453511,0,0,0,0,1,0,0,0.140571939,3947,660,435,1443,1409,113,0.343847394,24,125.8275862,Bot
53307539,0,0,0,0,0,6,0,0.500268379,502,502,0,0,0,199,0.343478359,43,1822.166667,Bot
43204447,1,1,0,0,0,2,0,0.0,1366,1019,2,1,334,349,0.343230199,72,13059.4303,Bot
48982446,1,0,0,0,0,13,0,0.409222719,4418,2849,813,9,737,304,0.343094652,23,68636.2,Bot
21146888,1,0,0,0,0,2,9,0.0,4230,796,368,454,2558,356,0.342669138,22,80229.61818,Bot
37885440,0,0,0,0,0,104,0,0.846647354,4179,3085,51,54,937,321,0.342628323,28,164001.5714,Bot
43281602,0,0,0,1,0,2,1,0.826255856,39,30,4,0,5,22,0.342230745,6,20.03333333,Bot
26070492,0,0,0,0,0,2,0,0.222055153,17412,15300,804,249,1059,359,0.342100329,44,106614.7059,Bot
53270907,0,0,0,1,0,9,0,0.794065288,12066,12066,0,0,0,156,0.339156614,644,159815.7727,Bot
86582215,0,0,0,0,1,0,0,0.0,1430,1430,0,0,0,167,0.338583059,59,24592.0,Bot
2932368,1,0,0,0,0,10,5,0.08939993,54,29,1,7,17,22,0.336798906,2,1082.315789,Bot
59414373,1,0,0,1,0,0,0,0.153918254,5712,5712,0,0,0,354,0.334604026,30,13059.4303,Bot
42762749,0,0,0,0,1,0,0,0.378210321,3315,3315,0,0,0,342,0.333522334,89,41453.57143,Bot
36310445,0,0,0,1,0,17,0,0.281444108,46331,6749,3963,15763,19856,311,0.3330697,27,66629.4,Bot
53266321,1,0,0,0,0,7,1,0.621265018,7648,6597,72,219,654,283,0.332776408,12,13059.4303,Bot
4939753,0,0,0,0,0,11,0,0.0,10323,514,7,7976,1795,312,0.331890572,18,1.0,Bot
74758351,0,0,0,0,0,2,2,0.0,324,7,5,52,255,118,0.33157427,2,13059.4303,Bot
23389040,1,0,0,0,0,2,0,0.498423571,2230,155,894,893,288,113,0.329756993,18,4.0,Bot
13338611,0,0,0,0,0,11,0,0.061319247,3259,3251,8,0,0,349,0.328310275,72,297842.4186,Bot
75393053,0,0,0,0,0,0,0,0.0,79810,2,0,0,79807,19,0.326499571,1,13059.4303,Bot
48065059,1,1,0,0,0,1,0,0.611420784,125,58,0,22,22,22,0.326328582,4,12824.86364,Bot
77076418,1,0,0,0,0,0,0,0.243072061,1224,1224,0,0,0,195,0.326035621,45,83453.1,Bot
40373180,0,0,0,0,1,0,0,0.379993755,2662,2662,0,0,0,307,0.324407598,62,254516.0,Bot
24245201,1,0,0,1,0,2,4,0.0,25,25,0,0,0,15,0.324300699,1,1927.555556,Bot
42455533,1,1,0,1,0,2,0,0.129858697,6163,3646,2400,3,113,284,0.32417776,11,13059.4303,Bot
33250855,0,0,0,0,1,0,0,0.764194099,264,264,0,0,0,142,0.323979166,31,20906.4186,Bot
34194823,0,0,0,0,0,3,0,0.0,113,1,4,13,95,32,0.323879106,2,1.0,Bot
36833635,1,1,0,0,0,0,0,0.79230161,266,105,0,53,56,29,0.32368901,2,6865.166667,Bot
46524234,0,0,0,1,0,7,0,0.818551651,4047,4047,0,0,0,335,0.322946397,21,287163.25,Bot
51506860,0,0,0,0,0,0,1,0.709297267,8274,3122,1,3,5148,349,0.322048375,7,13059.4303,Bot
53831230,0,0,0,0,0,11,0,0.012960841,10761,1657,2042,34,7028,318,0.321890121,48,3099.804878,Bot
62695641,0,1,0,0,0,19,0,0.202969779,14919,6687,1068,5649,1515,306,0.314762149,72,148884.0,Bot
45089189,1,0,0,0,1,0,0,0.09903984,3629,3629,0,0,0,333,0.314226716,21,13059.4303,Bot
13803237,0,0,0,0,0,17,0,0.33954636,8620,3757,0,69,429,307,0.313693457,62,326362.0,Bot
39886733,0,0,0,0,0,89,0,0.390291983,2385,2383,2,0,0,334,0.313508578,71,122001.7273,Bot
2029971,0,0,0,0,0,155,0,0.017378889,712,209,138,231,134,149,0.312558608,9,8663.882353,Bot
54212639,0,0,0,0,0,16,0,0.0,6282,53,967,1242,3891,220,0.311696095,9,26184.5,Bot
28790108,1,0,0,0,1,0,0,0.186325944,6042,6042,0,0,0,355,0.311352686,121,83781.57143,Bot
48730074,1,0,0,0,0,0,0,0.0,331,26,0,5,291,134,0.311190936,2,4363.0,Bot
39335575,0,0,0,0,1,0,0,0.944450543,15291,15258,11,11,11,353,0.310193146,74,13059.4303,Bot
28792856,0,0,0,0,1,0,0,0.425761376,3147,3147,0,0,0,225,0.309569718,161,20187.66667,Bot
39481304,0,0,0,0,0,7,0,0.946519939,3734,656,0,1014,1132,173,0.309534004,8,60030.95556,Bot
49554844,1,0,0,1,0,12,0,0.06683611,22658,8347,7424,0,6887,339,0.309386113,34,13059.4303,Bot
28699486,1,0,0,0,0,16,0,0.511108367,594,59,267,268,0,61,0.30920469,11,14963.17241,Bot
65097588,0,0,0,0,1,0,0,0.109248547,2545,2461,84,0,0,346,0.309161243,113,57297.0,Bot
11995863,1,0,0,0,0,3,0,0.158806383,14824,12666,429,1251,478,323,0.30902299,31,112068.6667,Bot
39504233,0,0,0,0,0,6,0,0.754896913,2715,356,1158,1189,12,327,0.305687059,81,73216.31884,Bot
44001070,0,0,0,0,0,55,0,0.0,34,1,18,5,9,15,0.305309735,2,13059.4303,Bot
72629236,0,0,0,0,0,9,0,0.478597614,4291,151,16,239,3649,334,0.305262511,2,82322.5,Bot
48335577,0,0,0,0,0,7,0,0.2229763,22459,17817,2305,54,2228,351,0.304318076,92,151109.3,Bot
7928251,0,0,0,0,0,2,0,0.103192317,996,26,339,20,593,257,0.303602927,7,9861.181818,Bot
54393557,1,0,0,0,0,2,0,0.288098474,17198,11741,2707,14,2736,359,0.303208155,79,200709.0,Bot
59378654,0,0,0,0,0,0,0,0.302462691,14215,19,4753,4813,4630,358,0.302907028,55,21176.0,Bot
854222,0,0,0,0,0,479,80,0.0,548,130,96,71,249,84,0.302691693,13,33600.71014,Bot
39604003,1,0,0,0,1,0,0,0.462499281,3111,3111,0,0,0,344,0.302478291,234,13353.05263,Bot
59924963,1,0,0,0,0,0,0,0.181586704,8756,8749,0,0,0,175,0.302170207,6,36709.83333,Bot
32125183,0,0,0,0,0,3,0,0.0,3970,4,0,1470,997,78,0.300676518,1,13059.4303,Bot
8566911,0,0,0,0,0,326,0,0.149930341,26069,16477,515,187,8890,358,0.300088619,231,201902.2222,Bot
16822967,1,0,0,0,0,5,0,0.491191469,1188,1188,0,0,0,209,0.300048479,21,508986.0,Bot
14260140,1,0,0,1,0,8,0,0.501412231,873,526,171,34,140,49,0.298960182,8,10.03030303,Bot
28621316,0,0,0,0,0,3,0,0.083264151,2865,2544,67,101,152,269,0.29804231,89,84308.0,Bot
5095603,0,0,0,0,0,66,0,0.887782767,48662,43,43,9994,38582,360,0.296609152,3,668.25,Bot
66216016,0,0,0,0,0,2,0,0.127157738,3492,3332,115,4,41,319,0.29658658,25,60097.0,Bot
49303554,0,0,0,0,0,3,0,0.774255053,8613,8613,0,0,0,348,0.296257092,7,149948.7,Bot
29409908,1,0,0,0,0,18,0,0.518522566,2307,107,578,42,1580,257,0.296070183,37,19297.84615,Bot
20296731,1,0,0,1,0,118,0,0.449436417,24394,3,3165,1800,19426,357,0.296012244,14,10.0,Bot
34910018,0,0,0,0,0,7,0,0.155365084,6916,187,52,0,6677,351,0.29556145,6,1736.326531,Bot
39766333,0,0,0,0,1,0,0,0.051670583,12313,7561,3976,776,0,351,0.295157775,12,69592.53333,Bot
79913779,0,0,0,0,1,0,0,0.053827098,816401,488,0,277132,263277,301,0.295048931,4,171644.8,Bot
29302230,0,0,0,0,0,7,0,0.586208994,1648,1569,79,0,0,316,0.293577157,178,14264.30435,Bot
29268173,1,0,1,0,0,14,0,0.003850235,2044,1534,56,88,329,300,0.292212756,151,197381.0,Bot
33557495,0,0,0,0,1,0,0,0.060177014,6803,3375,3428,0,0,282,0.289485226,34,13059.4303,Bot
8723280,1,0,1,0,0,49,0,0.104367828,43226,15231,5279,13410,9306,357,0.288097392,73,86404.75,Bot
55035720,1,0,0,0,0,5,0,0.123898797,44106,12959,3023,3764,24360,359,0.287925106,104,13059.4303,Bot
45182681,0,0,0,0,1,0,0,0.895532415,5707,580,2574,2553,0,269,0.28721738,64,13315.14286,Bot
45753747,1,0,0,0,0,0,0,0.0,89,1,4,1,83,48,0.286966825,1,13059.4303,Bot
34349395,1,0,0,0,0,1,0,0.100331764,296,9,166,9,112,120,0.285757671,3,324536.5,Bot
25639015,1,0,0,0,0,6,0,0.15024337,11717,11717,0,0,0,323,0.284570016,29,222149.3333,Bot
30082422,1,0,1,1,0,101,0,0.436721289,34116,34060,1,19,0,361,0.283828286,91,44363.0,Bot
125029,0,0,0,0,0,13,0,0.567091659,4910,4036,339,236,237,257,0.283791789,22,13059.4303,Bot
49699333,0,0,0,0,1,0,0,0.221547483,96991101,10872002,41075228,42876930,2166941,361,0.283107224,16200,68768.66667,Bot
18403005,1,0,0,0,0,206,0,0.912806,6458,727,218,1668,2429,360,0.283046313,24,51292.825,Bot
77399080,1,0,0,0,1,0,0,0.137371453,419,64,109,121,125,57,0.282873786,7,2037.386364,Bot
541332,0,0,0,0,0,41,8,0.0,9787,680,1437,3447,3883,324,0.282584523,26,40547.33333,Bot
7975741,0,0,0,0,0,10,1,0.0,624,87,195,82,247,78,0.282535176,2,8453.043478,Bot
45039513,0,0,0,0,0,5,1,0.068663942,20542,4710,3,2777,10518,360,0.282468702,28,64101.66667,Bot
5867665,1,0,0,0,0,25,0,0.732706897,10570,916,76,3715,5863,358,0.281124472,14,144368.4194,Bot
53311887,0,0,0,0,1,0,0,0.318784022,6068,73,250,403,4941,226,0.280695557,5,81116.52381,Bot
46030020,1,0,0,0,0,0,0,0.500781066,3812,235,1477,2100,0,259,0.280533285,99,2501.727273,Bot
56740174,1,1,0,0,0,1,0,0.923953536,208,196,0,8,1,81,0.280401261,2,16763.13514,Bot
26384082,0,0,0,0,1,0,0,0.424673581,278737,250399,28338,0,0,361,0.280021712,3934,146947.25,Bot
35625753,1,0,0,0,0,3,0,0.0,28,11,0,3,11,5,0.27987013,2,76283.66667,Bot
60856788,1,0,0,1,0,2,0,0.786217091,3289,1228,106,286,1393,229,0.279392713,17,183113.875,Bot
49226515,1,0,0,0,0,0,0,0.365276206,17427,4590,257,11239,1341,348,0.277797571,16,0.076923077,Bot
23304091,0,0,0,0,0,0,0,0.411207055,7989,5,0,777,6831,304,0.277574797,6,19102.16667,Bot
40240154,1,0,0,0,0,0,0,0.0,59,46,0,0,0,9,0.277377233,3,553.0,Bot
82989933,0,0,0,0,0,0,0,0.197466831,2767,1880,0,22,843,170,0.277148451,31,64007.0,Bot
65732472,0,0,0,0,1,0,0,0.744049368,5530,5530,0,0,0,194,0.276917707,43,13059.4303,Bot
60477420,0,0,0,0,1,0,0,0.376947676,2389,2389,0,0,0,290,0.275711138,50,88271.44,Bot
2006565,0,0,0,0,0,59,210,0.0,391,6,5,323,57,113,0.275291061,1,16.75,Bot
18075039,1,0,0,0,0,0,0,0.858560673,6179,65,2,5986,68,197,0.275151664,3,663.7142857,Bot
48565599,1,0,0,0,0,4,0,0.283435937,3386,3386,0,0,0,333,0.274951673,12,216469.5,Bot
29302290,0,0,0,0,0,7,0,0.686394211,1657,1593,64,0,0,306,0.273631402,175,11799.5625,Bot
68648060,0,0,0,1,0,10,0,0.16946469,7290,7290,0,0,0,359,0.2729831,226,71260.0,Bot
71040231,0,0,0,0,0,16,0,0.109163988,2989,2759,178,7,4,216,0.272233449,15,46204.57143,Bot
20374350,1,0,0,0,0,12,0,0.024319302,1891,1429,153,73,217,295,0.272100504,55,22521.4,Bot
61247393,0,0,0,0,1,0,0,0.844864327,1036,746,0,2,288,183,0.271474614,40,8291.576923,Bot
81558540,1,1,0,0,0,0,0,0.06227194,12159,604,6626,1510,3419,187,0.270186796,30,41172.0,Bot
44892260,1,0,0,0,0,1,0,0.0,2502,2023,56,57,366,220,0.269585672,9,13059.4303,Bot
37855176,0,0,0,0,0,7,0,0.550555855,3342,3342,0,0,0,310,0.268657916,122,61886.23529,Bot
38199262,0,0,0,0,0,6,0,0.004561166,4334,1062,1329,134,1719,347,0.266756506,56,13059.4303,Bot
3372342,0,0,0,1,0,301,0,0.235456849,53883,32069,5568,100,16146,360,0.266688869,388,60895.83333,Bot
52702992,0,0,0,0,0,0,0,0.0,6585,41,259,260,6025,354,0.266365964,3,33376.0,Bot
28388247,0,0,0,0,0,8,0,0.626757671,1683,1592,91,0,0,315,0.264555965,172,18092.09677,Bot
65029690,0,0,0,0,1,0,0,0.089460563,17868,17813,55,0,0,333,0.263821125,99,144015.375,Bot
26676291,1,0,0,1,0,24,0,0.127927472,4037,3877,54,53,53,347,0.263389802,120,144569.5294,Bot
58605119,1,0,0,1,0,1,0,0.058298846,8336,2701,270,2494,2770,245,0.263312016,10,35423.0,Bot
133832,0,0,0,0,0,0,0,0.012715396,805,26,44,245,488,150,0.262773618,9,59656.875,Bot
43567378,0,0,0,0,0,4,0,0.078436358,503,124,124,82,157,114,0.262315975,31,16950.33333,Bot
36765976,1,0,0,0,0,12,0,0.194679897,5874,839,0,141,4894,355,0.259123082,27,27639.45455,Bot
65984493,1,0,0,0,1,0,0,0.945803361,9053,9053,0,0,0,360,0.258984662,631,39607.0,Bot
1589480,0,0,0,0,0,195,0,0.099940936,93108,19082,31333,1218,41475,360,0.258442968,394,52399.0,Bot
56890893,0,0,0,0,1,0,0,0.096374969,2044,771,0,0,1273,322,0.256146014,34,13059.4303,Bot
20399011,0,0,0,0,0,7,0,0.186753274,1302,1302,0,0,0,290,0.255889616,44,44074.0,Bot
33904789,0,1,0,0,0,6,0,0.669694378,2505,94,100,321,1873,356,0.254863108,7,824.9,Bot
72033612,1,1,0,0,0,7,0,0.852619632,6869,206,1519,2200,2284,256,0.254809573,20,402175.8462,Bot
30273922,1,0,0,0,0,4,0,0.0,17147,3389,43,1019,11873,344,0.254789395,26,96687.54545,Bot
39249053,0,0,0,1,0,2,0,0.058856451,5517,122,1666,1800,1749,288,0.254550023,11,246.6,Bot
75691118,1,0,0,1,0,3,0,0.16183842,10018,9660,237,4,117,308,0.254403781,72,148765.622,Bot
26634292,0,0,0,0,1,0,0,0.162353853,366007,54851,29842,161162,120152,361,0.25438738,670,62913.5,Bot
2062227,1,0,0,1,0,3,0,0.822142347,2372,974,0,384,642,218,0.253206911,15,56855.10417,Bot
61843437,0,0,0,0,0,2,2,0.0,836951,1,0,2,836948,60,0.252800957,3,65129.0,Bot
71450783,1,0,0,0,0,0,0,0.885134704,5736,1920,197,191,3426,353,0.252518766,33,36798.0,Bot
18508068,0,0,0,0,0,12,0,0.029491837,33575,17390,1599,6801,6969,356,0.252409722,182,59621.82051,Bot
23717796,0,0,0,0,1,0,0,0.006388022,281374,39770,104991,125303,11310,361,0.251446787,443,47478.5,Bot
12257278,1,0,0,0,0,1,0,0.203206907,4535,433,0,3840,262,340,0.25134957,5,98.35714286,Bot
29139614,0,0,0,0,1,0,0,0.144194084,7623998,107548,1880870,2301198,3334382,361,0.250762569,3721,355852.0,Bot
32156617,0,0,0,0,0,0,0,0.549697102,2152,45,0,0,2102,359,0.250545497,1,13059.4303,Bot
61966189,1,0,0,0,0,0,0,0.415010493,4937,2026,22,1106,890,273,0.250294975,20,13059.4303,Bot
32481905,0,0,0,0,0,2,0,0.0,191,84,54,53,0,70,0.25,3,17515.12,Bot
65091038,0,0,0,0,0,7,0,0.780391297,181205,37,74,2165,178929,360,0.249769072,6,7983.571429,Bot
21250019,1,0,0,0,0,39,0,0.390831522,1271,1182,34,0,6,315,0.24968178,87,327368.0,Bot
37123902,0,0,0,1,0,2,0,0.335071329,5371,1743,1806,1822,0,156,0.249325814,11,13059.4303,Bot
66321197,1,0,0,0,0,6,0,0.689999063,5253,1406,188,185,2882,354,0.248986767,23,7398.897436,Bot
19239949,0,0,0,0,0,3,0,0.267032435,4092,1547,7,1246,1186,218,0.248908608,8,13059.4303,Bot
47117332,1,0,0,0,1,0,0,0.052504892,5542,2054,0,0,3488,297,0.248720009,59,73026.0,Bot
83997633,0,0,0,0,0,61,11,0.0,15348,1236,4789,5884,3423,203,0.248093786,95,19687.63158,Bot
46721658,0,0,0,0,0,7,0,0.488827411,1442,610,279,213,340,160,0.24692292,21,13337.31111,Bot
16408204,0,0,0,0,0,1,0,0.471342008,6092,4,0,2161,3927,279,0.245417205,2,67.33333333,Bot
34481203,0,0,0,0,1,0,0,0.532422195,3644,3644,0,0,0,290,0.245228263,62,13059.4303,Bot
27295005,0,0,0,0,1,0,0,0.329916995,5860,2346,1191,1118,1205,276,0.242968831,24,13059.4303,Bot
28579281,1,0,0,1,0,19,0,0.131650277,3385,3379,6,0,0,348,0.242282813,101,94783.85714,Bot
40633623,0,0,0,0,0,259,0,0.046665634,10835,278,1,4,10550,361,0.241937071,6,28994.0,Bot
15698993,1,0,0,0,0,7,0,0.5139178,5123,2458,1316,0,1349,354,0.2415295,30,13059.4303,Bot
48340428,0,0,0,0,1,0,0,0.10232571,231625,128066,70093,1951,31515,359,0.241493992,1384,323458.5,Bot
4193587,1,0,0,0,0,3,0,0.0,80,61,19,0,0,60,0.241450464,8,1760.0,Bot
58950066,0,0,0,0,0,3,0,0.145044034,3553,3480,0,56,0,173,0.240999188,1,13059.4303,Bot
13867127,0,0,0,0,0,1,0,0.501236791,9864,1515,3834,2092,1885,206,0.239801495,19,13059.4303,Bot
702790,0,0,0,0,0,13,0,0.015820079,717,250,169,154,144,167,0.2391787,42,4088.853333,Bot
39046940,0,0,0,0,1,0,0,0.719434292,5511,5511,0,0,0,262,0.238958368,14,13059.4303,Bot
69014292,0,0,0,0,0,0,0,0.0,309,309,0,0,0,281,0.238625268,6,13059.4303,Bot
45397632,0,0,0,0,0,35,0,0.355628734,61521,42424,8040,8448,2074,361,0.238366492,130,48353.33333,Bot
43730740,1,0,0,0,0,1,0,0.0,171,40,0,15,116,93,0.238041734,3,13059.4303,Bot
35307298,1,0,0,1,0,1,0,0.0,457,71,191,195,0,91,0.237642618,8,2401.596491,Bot
67315154,1,0,0,1,0,1,0,0.472282771,2918,1323,514,573,506,294,0.236931035,71,13059.4303,Bot
39147110,1,1,0,0,0,1,3,0.237637579,1558,776,74,235,351,167,0.235759175,16,634.5,Bot
11689122,1,0,0,0,0,244,0,0.629292842,234,158,0,0,76,107,0.234898607,13,4.036363636,Bot
10092143,0,0,0,0,0,46,1,0.017087071,374,65,159,53,97,77,0.23451001,23,2442.225,Bot
80650278,0,0,0,0,0,0,0,0.0,89448,3,6,14,89423,71,0.234484212,2,0.0,Bot
42633137,0,0,0,0,0,1,0,0.075508659,86,66,3,7,7,17,0.234298102,3,42336.07143,Bot
20280877,1,0,0,0,0,6,0,0.109834658,24838,6127,13830,3497,1014,303,0.234140369,27,92829.66667,Bot
6559784,0,0,0,0,0,113,0,0.019564115,53,9,5,15,23,20,0.232413968,10,95404.0,Bot
51497074,0,0,0,0,1,0,0,0.220493361,7666,7608,58,0,0,355,0.232274189,163,196450.125,Bot
37807150,0,0,0,0,1,0,0,0.418138258,43185,8484,3569,16854,14278,340,0.231767193,125,123716.7692,Bot
89962466,0,0,0,0,1,0,0,0.28362997,9432,1247,126,2740,5319,64,0.231707719,6,114396.0,Bot
25073645,0,0,0,0,0,5,1,0.267209663,11528,870,2509,4106,2801,319,0.231214215,20,35985.0,Bot
50967743,0,0,0,0,1,0,0,0.114733379,3023,1722,664,0,637,309,0.230655132,27,65188.17143,Bot
43188587,1,0,0,0,0,4,0,0.189490568,1155,944,211,0,0,265,0.229874259,33,107672.0,Bot
1330962,0,0,0,0,0,19,0,0.889791441,4007,400,260,1073,2187,351,0.227944192,6,62609.39063,Bot
5120957,1,0,0,0,0,3,0,0.0,19,19,0,0,0,17,0.227564103,2,13059.4303,Bot
30607800,1,0,0,1,0,2,0,0.627298351,121,121,0,0,0,68,0.227437334,69,100.8571429,Bot
53742819,1,0,0,0,0,1,0,0.0,2721,2721,0,0,0,225,0.2265819,33,13059.4303,Bot
28113323,1,0,0,0,0,0,0,0.226005756,4087,3950,10,12,115,297,0.226456582,12,13059.4303,Bot
20604138,0,0,0,0,0,0,0,0.0,6023,35,746,2541,1968,193,0.226365437,4,611.0,Bot
1036361,0,0,0,0,0,12,0,0.373309126,4834,4113,0,5,716,328,0.22563705,14,107503.931,Bot
43779756,1,0,0,0,0,0,0,0.0,1178,177,113,292,492,141,0.225552401,1,13059.4303,Bot
32347756,0,0,0,0,1,0,0,0.461281507,16953,16953,0,0,0,337,0.2253371,173,15585.65217,Bot
56853130,0,0,0,0,1,0,0,0.041934094,1478,1478,0,0,0,318,0.225238131,17,13059.4303,Bot
29739965,1,0,0,0,0,10,2,0.505709854,337,337,0,0,0,182,0.224661943,28,96.96,Bot
31488909,0,0,0,1,0,68,0,0.252283022,12417,5607,2538,3332,940,343,0.224554036,95,137892.5714,Bot
44684119,1,0,0,0,0,0,0,0.194395869,11660,396,0,0,11264,247,0.223990432,3,2351.583333,Bot
4368172,0,0,0,0,0,77,0,0.095342541,6600,3123,688,94,2695,297,0.223928826,32,82334.92593,Bot
43809577,0,0,0,0,1,0,0,0.112677724,2920,2920,0,0,0,265,0.223473327,86,341215.3333,Bot
8896019,1,0,0,1,0,2,0,0.467326848,2868,2868,0,0,0,243,0.223320124,14,96207.07143,Bot
63418741,1,0,0,0,1,0,0,0.0,164,164,0,0,0,89,0.221473664,36,5698.65,Bot
30319585,0,0,0,0,0,0,0,0.0,30,30,0,0,0,23,0.220744681,2,0.0,Bot
4725494,0,0,0,0,0,12,1,0.026588098,4635,362,490,339,3443,258,0.219995779,11,6652.431034,Bot
28387757,0,0,0,0,0,7,0,0.70353794,1394,1317,77,0,0,303,0.21833487,169,8185.275862,Bot
72744584,1,0,0,1,0,28,0,0.217717362,181,181,0,0,0,72,0.217663099,40,2097.728571,Bot
38407549,0,0,0,0,1,0,0,0.158300691,17297,16996,301,0,0,358,0.217579673,86,61255.0,Bot
43144436,0,0,0,0,0,3,0,0.0,4748,2,39,79,4595,243,0.217048468,5,495.0,Bot
30118761,1,1,0,1,0,26,0,0.479545397,1876,250,142,69,1378,274,0.215879398,14,59525.13793,Bot
56698301,1,0,0,0,0,11,0,0.172133857,4790,3463,181,0,1039,266,0.215796499,27,90388.19048,Bot
26523804,0,0,0,0,0,1,0,0.259499686,5237,5234,0,3,0,329,0.215792237,17,94086.5,Bot
26360365,0,0,0,0,0,5,0,0.0,754,404,174,176,0,99,0.214477869,44,3126.0,Bot
43231472,0,0,0,0,1,0,0,0.188355395,22459,2587,1117,12897,5858,326,0.214275549,20,152631.75,Bot
61849395,0,1,0,1,0,4,0,0.338014615,4039,4016,19,0,4,349,0.213817877,51,199297.3333,Bot
34585460,0,0,0,0,0,6,0,0.0,26858,6988,5719,7306,6845,311,0.213558126,36,13059.4303,Bot
59560144,1,0,0,0,0,2,0,0.865967407,7549,22,4187,1628,1666,141,0.212344155,19,262437.0,Bot
78513119,1,0,0,0,1,0,0,0.0,44479,243,15623,13903,14710,271,0.212073749,74,13059.4303,Bot
5589368,0,0,0,0,0,4,0,0.735228165,6741,6741,0,0,0,322,0.211363876,47,13059.4303,Bot
30488982,1,0,0,1,0,22,1,0.576689998,17499,17499,0,0,0,204,0.210995032,650,158259.9444,Bot
2130732,0,0,0,0,0,1282,1,0.01648229,11570,3621,6403,469,1074,250,0.210520084,108,22435.4,Bot
48994755,0,0,0,0,1,0,0,0.307665999,7748,718,4058,5,2967,322,0.210136236,43,20031.375,Bot
12379036,1,0,0,0,0,4,0,0.0,992,286,8,635,62,151,0.208971201,1,13059.4303,Bot
5150045,0,0,0,0,0,1,0,0.0,10705,5,0,8666,2034,292,0.208623505,1,98290.0,Bot
17085135,0,0,0,0,0,5,0,0.438422084,1359,1359,0,0,0,333,0.208399944,59,13059.4303,Bot
61865014,1,0,0,0,0,4,0,0.91728328,21174,3753,6606,6848,3098,216,0.20715726,43,78815.0,Bot
39532103,0,0,0,1,0,5,0,0.499573109,443,443,0,0,0,153,0.206098432,59,14578.67164,Bot
25722499,1,0,0,0,0,1,0,0.0,1631,299,449,448,435,142,0.206036516,7,20.0952381,Bot
94923726,1,0,0,1,0,0,0,0.0,173,94,6,11,59,28,0.205723566,15,25162.66667,Bot
45046065,0,0,0,0,0,0,0,0.0,146,146,0,0,0,103,0.205428954,9,9.333333333,Bot
62555040,1,0,0,0,0,0,0,0.132410849,18092,6791,3523,4425,2243,267,0.205051368,18,13059.4303,Bot
46292936,1,0,0,0,0,5,0,0.592249094,3624,2914,348,0,362,300,0.204295758,7,13059.4303,Bot
25904340,0,0,0,1,0,3,0,0.145216243,27972,12889,3395,7389,4299,309,0.203109246,17,13059.4303,Bot
13107131,1,0,0,0,0,6,0,0.092092871,724,441,1,0,254,230,0.202616646,5,28222.34848,Bot
62304370,1,0,0,0,0,36,0,0.806345151,22794,1112,80,396,21066,155,0.20251484,19,19468.63158,Bot
32965360,0,0,0,0,1,0,0,0.498520808,6764,6764,0,0,0,356,0.200501762,247,123613.6296,Bot
20440329,0,0,0,0,0,14,0,0.0,8558,28,25,1120,7385,293,0.200452179,4,2245.0,Bot
40792150,0,0,0,0,0,2,0,0.333527514,1063,1048,0,0,1,211,0.199764501,11,27087.94737,Bot
33075676,0,0,0,0,0,12,0,0.860619019,2218,728,713,60,306,238,0.199303204,19,6033.6,Bot
3229038,1,0,0,1,0,1,0,0.0,137,35,0,40,62,62,0.199007718,3,13059.4303,Bot
39074581,0,0,0,0,1,0,0,0.153067212,6181,564,1450,1234,2933,326,0.198954865,46,17231.36364,Bot
67483024,0,0,0,0,0,164,0,0.253077648,1238,1180,44,2,12,238,0.198220988,27,14951.65385,Bot
49165653,0,0,0,0,1,0,0,0.569688893,9797,393,752,4485,4130,318,0.196768514,7,1.217391304,Bot
59032223,1,0,0,0,1,0,0,0.191084937,8906,8906,0,0,0,352,0.196634207,33,53623.22222,Bot
7411221,1,0,0,0,0,0,0,0.289866748,114,24,31,20,39,24,0.196110001,1,13059.4303,Bot
53609688,0,0,0,0,0,0,0,0.030298061,6067,15,2653,1849,1550,209,0.193709545,11,13059.4303,Bot
92537531,0,0,0,0,1,0,0,0.03594111,1127,407,282,185,253,66,0.193112012,54,46888.4,Bot
8086956,0,0,0,0,0,98,489,0.188381844,6583,3977,661,529,962,327,0.192685977,25,549118.5,Bot
4276295,1,1,0,0,0,1,0,0.0,209,7,0,41,161,90,0.190980183,3,13059.4303,Bot
49275095,0,0,0,0,0,0,0,0.0,84163,671,0,58165,0,352,0.190298833,49,64126.90909,Bot
15369941,0,1,0,0,0,0,0,0.155001722,1583,794,0,359,376,197,0.190192395,6,61480.40816,Bot
29302267,0,0,0,0,0,6,0,0.663695708,1401,1329,72,0,0,302,0.189768715,182,18364.58824,Bot
40443623,0,0,0,0,1,0,0,0.320742998,16201,16201,0,0,0,338,0.187243714,56,288375.0,Bot
24802730,0,0,0,0,0,1,0,0.180852601,4347,893,977,853,1589,291,0.186781029,19,3845.494253,Bot
19785354,1,0,0,0,0,8,0,0.157107626,4766,1425,1516,576,1249,311,0.185609834,14,41072.125,Bot
43185848,0,0,0,0,0,13,0,0.687183624,1116,1116,0,0,0,301,0.185586119,45,5.090909091,Bot
29086726,0,0,0,0,0,10,0,0.679118835,1328,1262,66,0,0,300,0.184944437,169,15688.9375,Bot
34711200,0,0,0,0,0,3,0,0.484556813,2437,1357,30,444,412,261,0.183926089,8,13059.4303,Bot
24456188,0,0,0,1,0,46,2,0.180008379,4608,2395,0,53,2160,324,0.183712471,30,72134.5,Bot
78476314,0,0,0,0,1,0,0,0.0,112,112,0,0,0,41,0.183686724,12,19755.32895,Bot
24799081,0,0,0,0,0,4,0,0.0,16330,283,7058,5765,3172,185,0.18368018,25,13059.4303,Bot
9060222,0,0,0,0,0,15,0,0.945133175,2024,2021,2,0,1,345,0.183629095,209,13059.4303,Bot
21341178,1,1,0,0,0,1,0,0.18959286,40373,3707,5943,15319,13488,348,0.183612787,32,55245.0,Bot
60409840,1,0,0,0,0,1,0,0.365304951,629,629,0,0,0,77,0.18236887,27,489.9090909,Bot
38500045,1,0,0,0,1,0,0,0.0,30571,2784,10076,5559,12152,184,0.182034523,23,13059.4303,Bot
42819689,0,0,0,0,1,0,0,0.557699014,262448,122733,44701,50608,44406,359,0.181835082,336,440798.1333,Bot
37353062,1,0,0,0,0,0,0,0.0,2264,1,731,732,800,242,0.180927028,11,13059.4303,Bot
55426066,1,0,0,0,0,1,0,0.451294962,8299,5766,1252,72,1209,313,0.1808215,20,13059.4303,Bot
6398257,0,0,1,0,0,5,0,0.176306525,4426,4426,0,0,0,297,0.178953981,22,210237.8182,Bot
29302331,0,0,0,0,0,4,0,0.717242426,1399,1342,57,0,0,307,0.178365441,175,45254.30769,Bot
7779494,0,0,0,0,0,3,0,0.0,2352,123,1084,69,1062,249,0.178325377,7,1.75,Bot
46032379,1,0,0,0,1,0,0,0.559164495,1406,1406,0,0,0,263,0.177970057,47,13824.0,Bot
49964694,0,0,0,0,0,4,10,0.036758581,223,4,3,72,140,115,0.17747549,3,5145.0,Bot
49924207,1,0,0,0,0,1,0,0.894672638,13872,13428,89,117,118,316,0.175649617,16,80581.0,Bot
10195847,1,0,0,0,0,13,0,0.020746724,245,45,0,132,68,87,0.174548469,2,139524.0909,Bot
13572711,0,0,0,0,0,0,0,0.557012755,2955,52,0,48,2855,296,0.173738557,2,13059.4303,Bot
71187640,0,0,0,0,0,0,0,0.541544321,5307,302,0,2146,2840,188,0.173602016,5,13059.4303,Bot
45953950,1,0,0,0,0,6,0,0.773662943,2448,2448,0,0,0,350,0.172899759,108,126780.5,Bot
83136105,1,0,0,0,0,1,0,0.836122387,174,152,0,0,0,77,0.17233048,7,1281.454545,Bot
42546701,0,0,0,0,0,0,0,0.253433265,4371,2303,221,841,795,290,0.17115799,7,89998.52174,Bot
823946,0,0,0,0,0,9,0,0.795747475,20894,1424,0,19397,68,320,0.169780553,4,13059.4303,Bot
78728577,1,0,0,0,1,0,0,0.106570355,349909,3874,78615,173960,93460,179,0.168175042,78,13059.4303,Bot
73904173,1,0,0,0,0,0,0,0.601779987,450,450,0,0,0,216,0.167378133,20,0.0,Bot
17691144,1,0,0,0,0,44,0,0.777774644,544,156,17,96,191,97,0.166937022,9,26471.0,Bot
44898092,1,0,0,0,0,1,0,0.0,24,24,0,0,0,17,0.166855204,2,3.0,Bot
38495008,1,1,0,0,0,0,0,0.0,45984,1,15588,29939,456,211,0.166805032,58,30.0,Bot
34669131,1,0,0,0,0,5,0,0.562557815,6756,1140,5613,3,0,227,0.166579252,25,48204.0,Bot
57725880,0,0,0,1,0,0,0,0.0,619,619,0,0,0,195,0.166236203,65,56606.61702,Bot
46268714,0,0,0,0,0,0,0,0.93990328,7309,7309,0,0,0,286,0.165513428,35,13059.4303,Bot
18470668,0,0,0,0,0,21,0,0.254417842,1078,69,416,504,8,176,0.16539985,16,806.6029412,Bot
8964148,0,0,0,0,0,4,0,0.367318207,1842,1832,10,0,0,282,0.165277529,64,64320.52174,Bot
74742576,0,0,0,0,1,0,0,0.021691639,4502,50,1306,2326,820,259,0.16512544,6,334.9210526,Bot
50545563,0,0,0,0,0,13,0,0.121499598,459,416,0,4,39,206,0.164923336,35,39631.2439,Bot
70248918,0,0,0,0,1,0,0,0.288509409,13579,13579,0,0,0,256,0.164455649,43,13059.4303,Bot
15990849,0,0,0,0,0,1,0,0.695130742,32805,24952,101,738,6072,352,0.163110376,55,564128.0,Bot
49715959,0,0,0,0,0,0,5,0.280312292,3922,3922,0,0,0,268,0.16257821,6,137185.5,Bot
56721080,0,0,0,1,0,3,0,0.826728338,3621,2343,0,177,0,308,0.16256902,72,117885.3333,Bot
6924409,0,0,0,0,0,0,0,0.336096927,6174,39,2964,77,3093,82,0.161447088,12,11.66666667,Bot
8129835,0,0,0,0,0,4,0,0.514540523,456,365,0,24,43,69,0.161366272,10,42303.09677,Bot
41170217,0,0,0,1,0,3,0,0.303052694,1418,226,444,32,716,196,0.160710249,10,7772.79661,Bot
53952853,1,0,0,0,1,0,0,0.114302495,3508,3477,0,0,31,289,0.160352085,13,13059.4303,Bot
74488985,0,0,0,0,0,0,0,0.896032251,523,523,0,0,0,224,0.159913847,43,4388.636364,Bot
29302303,0,0,0,0,0,9,0,0.652370515,1350,1281,69,0,0,301,0.159741799,174,64181.58333,Bot
13555664,1,0,0,0,0,1,1,0.529719446,2733,893,0,964,876,88,0.159058023,5,2209.230769,Bot
6939032,1,0,0,1,0,8,0,0.0,666,16,0,4,637,278,0.158915603,4,27877.875,Bot
64226111,1,0,0,0,1,0,0,0.819190087,2476,2476,0,0,0,276,0.157688689,56,13059.4303,Bot
18121554,0,0,0,1,0,16,0,0.741892426,583,583,0,0,0,268,0.156833188,85,13059.4303,Bot
45432694,0,0,0,0,1,0,0,0.0,3646,1134,1242,1260,10,313,0.156598662,46,64698.71429,Bot
22427965,1,0,0,0,0,126,1,0.680340903,884,388,0,0,496,173,0.156559373,1,13059.4303,Bot
23385942,0,0,0,0,0,4,0,0.500399468,351,331,20,0,0,85,0.156070412,92,24370.9375,Bot
31236930,0,0,0,0,0,2,0,0.020451894,77,15,3,20,19,44,0.154376132,2,13059.4303,Bot
29302218,0,0,0,0,0,14,0,0.609969623,1392,1334,58,0,0,311,0.154329814,162,18109.8125,Bot
58338325,0,0,0,0,1,0,0,0.0,3171,77,204,863,2027,117,0.152335563,7,5251.586207,Bot
76178356,0,0,0,0,0,3,0,0.272280197,12694,4230,3036,3170,2194,291,0.151822164,89,45776.0,Bot
502938,0,0,0,0,0,44,0,0.064920387,142,94,2,3,43,64,0.151586472,6,1394.807692,Bot
37828993,1,0,0,0,0,3,0,0.0,755,8,3,6,732,90,0.151165642,1,13059.4303,Bot
71382382,1,0,0,0,1,0,0,0.095214225,6651,2164,0,2223,354,314,0.15088627,21,385828.5098,Bot
47979223,0,0,0,1,0,31,0,0.182183191,273,255,2,3,3,164,0.150875641,121,2003.218182,Bot
46447321,0,0,0,0,1,0,0,0.400881975,67830,15614,13036,12875,26305,359,0.150733744,491,106648.8,Bot
53036503,0,0,0,0,1,0,0,0.0,10243,4966,317,4636,324,356,0.150391213,53,85027.0,Bot
12843093,0,0,0,0,0,2,0,0.0,12060,269,4226,4246,3319,271,0.149806087,19,28314.12963,Bot
80958034,1,0,0,0,1,0,0,0.088946805,856,279,142,136,299,93,0.149276731,24,1426.377551,Bot
10880445,1,0,0,0,0,1,0,0.77289912,4232,383,594,1078,1660,273,0.148951246,11,19941.10714,Bot
16028288,0,0,0,0,0,0,0,0.479343805,2135,2135,0,0,0,261,0.148813721,23,27865.0,Bot
23041403,0,0,0,1,0,111,0,0.709257819,2091,2082,3,3,3,351,0.148669964,94,35206.0,Bot
37223003,0,0,0,0,1,0,0,0.151867916,4017,1696,1114,1207,0,233,0.148235441,40,69234.5,Bot
16035968,1,0,0,0,0,6,0,0.0,68,54,0,7,0,47,0.148005443,3,22354.83333,Bot
10605095,0,0,0,0,0,5,0,0.066286707,3166,2400,198,271,218,293,0.147844703,20,13059.4303,Bot
40661319,1,0,0,1,0,0,0,0.0,6111,3671,0,705,1034,200,0.147619733,37,132380.2222,Bot
44246292,0,0,0,0,1,0,0,0.05665435,8069,7047,305,367,350,308,0.146592575,46,259730.5,Bot
40872210,0,0,0,0,0,0,0,0.001118214,3742,1987,505,842,408,299,0.145669177,11,13059.4303,Bot
35031835,1,0,0,0,0,7,0,0.32161815,5383,2304,497,453,1925,164,0.14521505,23,53627.2,Bot
48216820,1,0,0,0,1,0,0,0.156458259,253,253,0,0,0,42,0.14502262,23,1114.088889,Bot
28388158,0,0,0,0,0,10,0,0.672721246,1371,1298,73,0,0,302,0.144886738,169,26904.18182,Bot
29302252,0,0,0,0,0,7,0,0.628783272,1442,1371,71,0,0,312,0.144093178,171,48248.09524,Bot
50673670,0,0,0,0,1,0,0,0.523354316,132468,85761,11322,19650,15735,354,0.143901325,199,13059.4303,Bot
63091332,0,0,0,0,1,0,0,0.0,8445,8445,0,0,0,47,0.143489738,77,0.0,Bot
48861364,1,0,0,0,0,1,0,0.560313583,568,216,168,184,0,62,0.141948324,3,77588.79167,Bot
7127206,1,0,0,0,0,17,0,0.0,8610,276,6,723,7131,302,0.141520929,4,27995.58333,Bot
33307416,0,0,0,0,1,0,0,0.473594386,1537,1537,0,0,0,253,0.141135115,39,187.9827586,Bot
15654899,1,0,0,0,0,1,0,0.827287271,125,30,1,40,54,46,0.140826612,3,845.4,Bot
16780864,1,1,0,1,0,33,0,0.051294318,3353,133,2885,0,335,321,0.140118396,15,1.0,Bot
25496890,0,0,0,1,0,14,0,0.208457872,3005,2725,0,0,0,335,0.139739305,80,113242.16,Bot
24401983,1,0,0,0,0,3,0,0.488958185,5157,5157,0,0,0,227,0.138791937,15,205183.7,Bot
51718346,0,0,0,0,0,2,0,0.0,3879,721,0,1135,882,265,0.136914998,4,62284.33333,Bot
38805255,1,0,0,1,0,1,0,0.208688323,18,13,0,0,5,8,0.136363636,1,49277.0,Bot
68915948,0,0,0,0,0,1,0,0.536110624,2668,2668,0,0,0,254,0.135902105,32,6003.409091,Bot
29302139,0,0,0,0,0,5,0,0.686120506,1619,1550,69,0,0,315,0.135734384,184,53070.66667,Bot
66574558,0,0,0,0,1,0,0,0.031468012,515,515,0,0,0,249,0.1356284,97,11285.0,Bot
33356041,0,0,0,0,0,6,0,0.004857983,4235,756,230,843,1802,212,0.135605664,8,45252.37037,Bot
6166343,0,0,0,0,0,117,0,0.665451406,772,444,118,18,190,255,0.133676804,26,101781.4615,Bot
26447601,0,0,0,0,0,1,0,0.0,61440,6,13793,28618,18902,139,0.133138568,18,13059.4303,Bot
44874361,0,0,0,1,0,0,0,0.563270967,360,98,262,0,0,68,0.132221782,11,17056.81579,Bot
45043797,0,0,0,1,0,14,0,0.732706897,1701,1626,0,0,75,338,0.131748434,272,138619.9111,Bot
34688948,1,0,0,0,0,0,0,0.908033106,4241,226,1,419,3254,249,0.131564743,6,15903.53846,Bot
33030338,1,0,0,0,0,6,0,0.852619632,2062,175,0,530,826,224,0.129845314,6,25418.63636,Bot
82752207,1,0,0,0,1,0,0,0.0,4976,82,2254,1323,1317,216,0.129633902,8,5322.57377,Bot
38494943,1,1,0,0,0,0,0,0.209157556,39407,570,13297,22253,3287,211,0.12944877,51,0.0,Bot
30906710,0,0,0,0,0,0,0,0.044563219,2699,964,630,106,943,272,0.128845314,16,56161.25714,Bot
38047864,0,0,0,0,1,0,0,0.0,14161,3197,6359,2320,2285,321,0.128837234,22,13059.4303,Bot
61464155,1,0,0,1,0,2,0,0.081760373,8253,54,234,240,7725,317,0.12850039,7,12634.66667,Bot
58734500,0,0,0,0,1,0,0,0.238661466,690,690,0,0,0,215,0.128073363,39,64788.26316,Bot
46783487,0,0,0,0,1,0,0,0.178473378,1118,320,798,0,0,229,0.127656842,24,13059.4303,Bot
43581769,1,0,0,0,0,4,1,0.030851265,2127,1462,87,20,558,257,0.125675948,22,53798.2,Bot
59518230,0,0,0,0,1,0,0,0.0,3537,3537,0,0,0,354,0.125404821,139,13059.4303,Bot
43047562,0,0,0,1,0,107,0,0.0,395712,30699,130829,136616,97568,360,0.124890972,613,99580.0,Bot
24485218,0,0,0,0,1,0,0,0.216847456,571,570,1,0,0,207,0.124752488,65,71229.9375,Bot
45107089,1,0,0,0,0,2,0,0.46160559,167,24,23,0,120,83,0.124113988,7,215.1818182,Bot
1302037,0,0,0,0,0,88,1,0.08960546,253,93,36,27,96,109,0.123994108,4,2533.717391,Bot
29423451,0,0,0,0,0,6,0,0.644582548,1502,1439,63,0,0,314,0.12327184,171,30810.75,Bot
55011449,1,0,0,0,0,2,0,0.367839163,16538,16537,0,1,0,14,0.123119377,5,13059.4303,Bot
23387312,0,0,0,0,0,2,0,0.653022381,274,265,9,0,0,87,0.122735699,91,38308.95,Bot
71848315,0,0,0,0,0,0,0,0.0,7495,196,199,541,6559,212,0.120430893,10,1222.333333,Bot
58339389,0,0,0,0,1,0,0,0.955828873,5856,84,507,1735,3530,140,0.119515447,4,10408.96,Bot
44891214,0,0,0,0,0,0,0,0.240825044,395,395,0,0,0,193,0.118514276,32,3245.375,Bot
24582011,0,0,0,0,0,35,0,0.0,273,1,1,1,250,223,0.118079035,4,5.0,Bot
29791463,0,0,0,0,0,205,0,0.0,11337,1662,2420,4872,2383,357,0.11784596,124,44852.0,Bot
56973160,1,0,0,0,0,1,0,0.846647354,9165,5527,0,1216,1207,280,0.117723368,37,13059.4303,Bot
23072004,0,0,0,1,0,1,0,0.175103361,11749,11392,25,24,308,340,0.11411877,10,13059.4303,Bot
32282838,1,0,0,0,0,4,0,0.270253257,9781,7741,1004,46,989,325,0.11408129,61,157986.1111,Bot
88147183,0,1,0,0,0,0,0,0.554584003,138,110,26,2,0,29,0.112885219,18,46735.0,Bot
28388209,0,0,0,0,0,12,0,0.645128125,1400,1337,63,0,0,308,0.112528237,180,33559.3,Bot
37111791,0,0,0,0,0,0,0,0.0,673,1,80,3,589,195,0.110544811,3,13059.4303,Bot
16011037,1,0,0,0,0,36,0,0.115177314,2115,69,2046,0,0,258,0.108851648,16,248.5,Bot
16239342,1,0,0,0,0,193,0,0.0,464399,143912,320487,0,0,361,0.108281746,949,13059.4303,Bot
38131342,0,0,0,0,0,7,0,0.826728338,463,247,1,28,77,121,0.108199936,9,94971.61111,Bot
42386326,0,0,0,0,1,0,0,0.316655332,2562,2562,0,0,0,250,0.105610925,58,72503.0,Bot
39771996,1,0,0,0,0,5,0,0.100838943,4385,3517,399,101,320,300,0.105431106,33,129764.2373,Bot
25712555,0,0,0,1,0,2,0,0.0,7903,1,1445,3548,1453,327,0.104860076,13,13059.4303,Bot
61872893,0,0,0,0,0,0,0,0.224615529,22976,58,3019,2950,16933,158,0.104580406,34,192.4545455,Bot
14700466,0,0,0,0,0,7,5,0.514278223,148,131,1,8,8,101,0.104232492,2,4556.0,Bot
55468070,0,0,0,0,1,0,0,0.68747897,3223,3223,0,0,0,294,0.103957662,205,85413.25,Bot
74993032,0,0,0,0,1,0,0,0.725805382,10110,10110,0,0,0,346,0.101472928,360,13059.4303,Bot
44008113,1,0,0,0,1,0,0,0.095050325,9216,4473,0,1598,1628,276,0.101355856,15,159506.0,Bot
35378779,1,0,0,0,0,0,0,0.334172727,482,304,1,1,171,210,0.101081527,4,45696.84615,Bot
34151961,0,0,0,0,0,11,0,0.017012183,854,122,167,278,202,104,0.098033179,6,15453.74359,Bot
23387048,0,0,0,0,0,3,0,0.644174316,301,289,12,0,0,82,0.097629239,83,29595.0,Bot
76997679,0,0,0,0,0,0,0,0.0,163435,1,0,19,163415,258,0.097102901,1,17180.0,Bot
33560951,0,0,0,0,0,1,0,0.145262384,816,301,171,154,190,147,0.096939054,7,2485.325581,Bot
19686786,0,0,0,0,0,1,0,0.092614233,661,616,0,0,45,203,0.095856251,6,180544.9412,Bot
58979018,1,0,0,0,0,2,0,0.826728338,1772,1144,13,128,364,162,0.094770964,11,82573.42857,Bot
47528927,1,0,0,0,0,0,0,0.6855243,64,49,1,3,5,43,0.09375,7,864.0,Bot
18728550,0,0,0,0,0,0,0,0.017300103,109,5,1,3,100,54,0.093092231,3,4009.333333,Bot
7523732,0,0,0,0,0,9,0,0.162861441,2107,1468,0,179,285,234,0.091191574,20,200539.4286,Bot
12826709,1,0,0,0,0,1,0,0.0,425,66,0,5,348,348,0.090330344,5,78625.64407,Bot
28022913,1,0,0,0,0,1,0,0.0,180,1,45,79,37,28,0.087732133,4,24192.0,Bot
34088196,1,0,0,0,0,17,0,0.572882483,4839,399,0,767,3673,285,0.084316934,4,4284.921348,Bot
43846136,1,0,0,0,0,1,0,0.895899995,726,18,0,22,683,222,0.084068431,1,13059.4303,Bot
64863578,0,0,0,0,0,0,0,0.638679303,709,144,285,140,140,29,0.083542293,11,1376.84,Bot
6702118,0,0,0,0,0,5,0,0.237029504,9633,3836,539,1,5257,332,0.083387167,20,66323.11765,Bot
60014357,1,0,0,0,0,0,0,0.384013453,1618,1618,0,0,0,257,0.08332168,38,41583.11538,Bot
43335863,0,0,0,0,0,2,0,0.313133553,1996,1996,0,0,0,3,0.083271865,1,13059.4303,Bot
56741695,1,0,0,0,0,1,0,0.0,65,20,0,0,45,45,0.082693059,2,78453.07692,Bot
32332140,1,0,0,1,0,3,0,0.641731123,1087,13,0,499,237,88,0.082362353,4,1495.25,Bot
6899296,1,0,0,0,0,12,0,0.361189042,851,851,0,0,0,151,0.082346054,4,82270.66667,Bot
25685558,0,0,0,0,0,2,0,0.0,1768,173,337,598,211,196,0.082095382,7,13059.4303,Bot
64544372,0,0,0,0,1,0,0,0.185337586,31494,8929,18146,1443,2976,270,0.080080513,78,93314.5,Bot
10268727,1,0,0,0,0,5,0,0.0,4456,26,420,423,3587,355,0.079902333,5,11163.81818,Bot
13958154,1,0,0,0,0,0,0,0.336096927,55,33,0,0,22,22,0.079408543,1,13059.4303,Bot
84137022,1,0,0,0,1,0,0,0.665633965,1658,1520,138,0,0,145,0.079108342,59,178202.08,Bot
50412245,0,0,0,0,0,0,0,0.480602928,5247,177,1459,1525,2086,348,0.076576331,16,32510.89,Bot
52663964,0,0,0,0,1,0,0,0.0,899,899,0,0,0,305,0.072547518,165,2081.235294,Bot
59799061,0,0,0,0,0,0,0,0.51524911,3374,209,813,2103,245,100,0.068409037,3,412171.1875,Bot
25236228,0,0,0,0,0,2,0,0.592541921,305,286,19,0,0,81,0.065313025,92,25254.33333,Bot
24396625,1,0,0,0,0,0,0,0.0,732,522,0,105,0,50,0.063118637,10,11794.58333,Bot
82276751,0,0,0,0,0,0,0,0.0,43328,6,10,22,43290,4,0.05988171,1,13059.4303,Bot
13995816,1,0,0,0,0,18,0,0.119009157,3211,662,591,1448,257,230,0.057842746,13,8654.227273,Bot
29927910,1,0,0,0,0,0,0,0.716720137,349,349,0,0,0,124,0.057600834,44,13059.4303,Bot
22729528,0,0,0,0,0,9,1,0.506729752,9646,152,49,46,9399,285,0.057347417,4,36881.0,Bot
17830211,0,0,0,0,0,2,0,0.0,21,6,3,5,6,5,0.056053812,1,13059.4303,Bot
32061395,0,0,0,0,0,0,0,0.0,903,158,0,0,745,244,0.053981003,10,20022.0,Bot
38341030,1,1,0,0,0,0,0,0.785386925,1698,213,3,781,701,30,0.051171606,11,2173.130435,Bot
76597500,0,0,0,0,1,0,0,0.987615068,31088,31088,0,0,0,327,0.050340581,55,226593.1875,Bot
60944935,0,0,0,0,0,30,0,0.0,2215,108,0,0,2107,33,0.048018669,3,56241.0,Bot
25687358,1,0,0,0,0,0,0,0.0,341,200,0,0,141,104,0.0476622,1,7785.153846,Bot
8773953,1,0,0,1,0,146,0,0.0,343,173,170,0,0,50,0.046437859,4,25.08,Bot
54726158,0,0,0,0,0,10,0,0.048823083,12595,12591,1,1,2,285,0.04383836,72,153385.0,Bot
39647745,1,0,0,0,0,1,0,0.181361339,25,10,0,0,15,11,0.029411765,1,13059.4303,Bot
33297977,0,0,0,1,0,3,0,0.328351725,1393,137,231,35,915,200,0.025131031,5,2393.368421,Bot
50654509,1,0,0,0,0,0,0,0.419076095,29,29,0,0,0,8,0.021196581,2,13059.4303,Bot
48728329,1,1,0,0,0,0,0,0.794309288,638,21,208,185,203,20,0.017572408,5,13059.4303,Bot
56560396,1,0,0,0,1,0,0,0.103188985,5532,5532,0,0,0,241,0.017392929,46,98105.71429,Bot
55685376,0,0,0,0,1,0,0,0.211653434,5283,5273,10,0,0,332,0.016182262,36,78197.0,Bot
12633088,0,0,0,0,0,36,2,0.965048321,489,73,76,0,340,117,0.013720336,4,302497.0213,Bot
48804891,1,0,0,0,0,0,0,0.0,37,3,0,11,23,8,0.01054339,3,13059.4303,Bot
78547924,0,0,0,0,0,3,0,0.488893625,781,776,0,4,0,14,0.009251937,2,18067.5,Bot
62236447,0,0,0,0,0,4,0,0.079612127,22953,44,23,31,22850,88,0.000429469,2,770.8,Bot
45697175,1,1,0,0,0,2,0,0.086369992,109,24,60,0,25,6,-0.042709174,9,798.6363636,Bot
8485477,1,0,0,0,0,4,0,0.827654725,5,5,0,0,0,3,-0.333333333,2,937.0,Bot
45903829,1,0,0,1,0,0,0,0.840600423,22,11,5,0,5,3,-0.333333333,2,13059.4303,Bot
