-12,-11,-10,-9,-8,-7,-6,-5,-4,-3,-2,-1,0,1,2,3,4,5,6,7,8,9,10,11
0.20252658511233712,0.1579915247461422,0.24602222755257042,0.3616374830095147,0.19700967458223395,0.7618933397297513,0.1522347485408172,0.1410410170304629,0.06268489645798359,0.0,0.3294954825297832,0.671543935396178,0.43415687215159504,0.38226593107859574,0.2831214519868873,0.38298552810426145,0.24442312305109148,0.30886703446070196,0.7518189813704325,0.9999999999999999,0.7659710562085232,0.6070200687614936,0.3054289597825218,0.6820980251059404
0.027578198708179125,0.3352202627186298,0.09753973437840191,0.18745917700849118,0.3568473764424124,0.036649974599027524,0.7853254953189637,0.4286958414979316,0.25357427970099433,0.0292474054720952,0.49263371797663114,0.6446041077001234,1.0,0.4856665940924595,0.3297771971841208,0.21663400827345958,0.0,0.07003410987734954,0.15850206836490305,0.055011249002104634,0.06531678641410843,0.0739531170621961,0.02003048116699324,0.2762900065316787
0.5598512489475163,0.4113808588268315,0.48449340443446554,0.9015576761156332,0.6853073252876791,0.735195060342408,0.9654083637384228,1.0,0.6641874824586025,0.16411731686780806,0.14187482458602307,0.24073814201515575,0.660749368509683,0.39538310412573696,0.40296098793151836,0.10468706146505768,0.45516418748245857,0.11324726354195924,0.17801010384507454,0.4108195341004772,0.15590794274487796,0.0,0.4850547291608198,0.2268453550378895
0.0,0.2831987547426793,0.5820605117229303,0.13191944741706396,0.41677205953886576,0.40782177254596763,0.33320361902908846,0.7950189707169959,0.7745889677984241,0.7951162564451795,0.8803385543340794,1.0,0.5907189415312775,0.7993968284852613,0.6555112365016051,0.41998248856892695,0.15089016441288072,0.2167526023932289,0.07568829652689946,0.885202840743263,0.15614359373479902,0.4983947854849695,0.6355676622239519,0.421733631676233
0.0,0.03419750901282756,0.07558043851559271,0.05133818364742379,0.06973335693281293,0.10057415049636537,0.03756354004614321,0.044252129387251926,0.05475079260094212,0.12903947012957978,0.06751003754180368,0.03776227250567474,0.13962818398899518,0.6496005167043948,0.5741411807813293,0.702457140550427,0.7010008042454223,0.7598970317444054,0.7503392425188098,0.6890489099214077,1.0000000000000002,0.772917113038402,0.6583012721982606,0.9018168494073737
0.0,0.25041652082604127,0.23032551627581385,0.31138956947847396,0.3088554427721386,0.343185159257963,0.26878543927196363,0.495722786139307,0.6437661883094155,0.5420931046552327,0.4226111305565279,0.5928736436821841,0.5973678683934197,0.6354357717885896,0.7445152257612881,0.6760378018900945,0.9223801190059502,0.7459012950647533,0.8281274063703186,1.0,0.7617780889044453,0.6811340567028352,0.8362898144907245,0.7755687784389219
0.032313826079683305,0.07469261438090727,0.0,0.2303231382607969,0.013076086653469765,0.05952546909415338,0.002481389578163795,0.09086346781163748,0.3633423481194413,0.4397356901887529,0.650514400423788,0.39900186801237914,0.5128391000083644,0.5074859899071571,0.5823737697605043,0.49443778403546446,0.8085705523182872,0.5607382831014581,0.41991245434521995,0.6690551203055735,0.787325396604121,0.7014525887305881,1.0000000000000002,0.882705551063652
0.0,0.1170858629661752,0.08911535125758889,0.2193553050014455,0.31714368314541774,0.23561723041341426,0.1291558253830587,0.11607400982943046,0.14917606244579357,0.0761058109280139,0.26611737496386234,0.17830297773923098,0.6087019369760047,0.5589043076033536,0.4746313963573286,0.5689505637467477,0.8401994796183868,0.6257588898525586,0.7708875397513733,0.935024573576178,0.8200346921075455,0.9257733448973691,1.0,0.7786932639491183
0.899763076362311,0.6562784763987608,0.42746491707672685,1.0000000000000002,0.882084928011664,0.6014215418261346,0.6120831055221434,0.43475487515946787,0.275651540003645,0.2313650446509934,0.211135410971387,0.3676872607982504,0.2451248405321671,0.5506652086750503,0.9206305813741571,0.3686896300346274,0.0,0.34672863131037013,0.022963367960634362,0.6506287588846364,0.7668124658283215,0.725715327136869,0.2342810278840899,0.4313832695462001
0.46251043032542605,0.47097389438550497,0.27547979496960306,0.42579568482536645,0.31815472642746445,0.6729049946358326,0.9076171176540707,0.8856836333293597,1.0,0.4421265943497438,0.6208129693646441,0.32912146858981994,0.7354869471927524,0.6282035999523184,0.33710811777327454,0.19179878412206464,0.28334724043390147,0.7536059125044702,0.6056740970318274,0.5393968291810703,0.24782453212540234,0.38312075336750506,0.18273930146620565,0.0
0.5717804231816995,0.7557562413703027,0.7935216628727098,0.6297346717916186,1.0,0.7851252005821548,0.5783483225734225,0.5998059484270628,0.6630219800723962,0.6539538007985969,0.5626376086875396,0.48908459902227874,0.46135761465835734,0.30376534686718665,0.24625890957943058,0.4877038474456097,0.5149830204873681,0.46639549203269026,0.04847557562413703,0.03533977684069113,0.0,0.26670895995820426,0.04440795611449046,0.028473336567526222
0.1363263352253299,0.2545989195103606,0.27648225398345083,0.8443547835601453,0.9059016617657116,0.9315803870614787,0.8557067633180604,0.8784449155440059,0.9324010121042194,0.9199206729125349,0.6996512343568351,0.3549887164056622,0.7410927990152498,1.0,0.9743212747042334,0.5132667715243111,0.5620597688572795,0.6297271421732884,0.7236887095671201,0.492956301716474,0.708199411885386,0.4970252342200643,0.5036928126923339,0.0
0.37809014360203175,0.30763065084963126,0.6930612038271377,0.5629081520730329,0.5729316076340256,0.6927068392365973,0.4999831254956887,0.6110089266127807,0.7205075850896879,0.9999999999999999,0.9081942592936333,0.9803665142336443,0.12501476519127253,0.2329272202629048,0.13372200941597334,0.19007441656401347,0.19349150368707924,0.062275358161354044,0.11399571387590485,0.07310878992929587,0.16944533504328307,0.060166045122424516,0.0,0.04270093316008844
0.905889567658089,0.9821685496615326,0.7745949005825882,0.9999999999999999,0.8239969809184612,0.843054933132061,0.7341793051395146,0.6824539472132461,0.5895464301719461,0.5768214732174445,0.5416067174564237,0.587175979432507,0.6206217421043941,0.33620303323348344,0.42517159232964585,0.41327216548340695,0.33687525060735435,0.23278769724272952,0.24559520720805705,0.36203033233483495,0.24589003938957943,0.3364624855532231,0.2102861051489492,0.0
0.21916971916971917,0.1520909645909646,0.0950854700854701,0.09149877899877899,0.3590506715506716,0.09752747252747253,0.20161782661782662,0.07806776556776558,0.17528998778998778,0.05662393162393163,0.018772893772893776,0.41231684981684985,0.32371794871794873,0.022130647130647135,0.09996947496947496,0.15789072039072044,0.06410256410256411,0.3165445665445666,0.018009768009768015,0.0,0.9999999999999999,0.07242063492063493,0.1382783882783883,0.3134157509157509
0.13929013619479985,0.2593891869583161,0.12154354106479569,0.14775072224515065,0.09595542715641765,0.10647957078002475,0.03528683450268262,0.05179529508873297,0.06066859265373503,0.05076351630210482,0.044985555096987206,0.0,0.8371853074700785,0.9818406933553446,0.7880726372265786,1.0,0.8179942220387949,0.7831200990507634,0.6673545191910853,0.8169624432521667,0.6285596368138671,0.24535699546017334,0.3677259595542715,0.3821708625670656
0.5512304250559285,0.9999999999999999,0.632214765100671,0.20290827740492168,0.4874720357941834,0.8108501118568233,0.9096196868008947,0.43389261744966434,0.0902684563758388,0.0,0.4005592841163311,0.48266219239373587,0.5336689038031318,0.28702460850111844,0.460850111856823,0.5417225950782997,0.382662192393736,0.43702460850111835,0.2567114093959729,0.18333333333333335,0.5135346756152125,0.28646532438478733,0.5686800894854583,0.20413870246085009
0.18965229299575792,0.0,0.07695647817228357,0.08610842045492495,0.19085473796719998,0.40348709041718167,0.9999999999999999,0.9556431410534755,0.5438391395838204,0.5915361234510169,0.3977754768028323,0.5546277430775911,0.47573399245131776,0.44430341694779385,0.40823006780453586,0.23821770934232933,0.2134339824309428,0.32355790106549975,0.3410601556498213,0.45385617422091584,0.46624803767660905,0.7876682587928788,0.7746083703530512,0.8073081933264304
0.15131526023650554,0.33396347840077223,0.0,0.9999999999999999,0.5657227897996945,0.5414286863486445,0.38315501568659005,0.6333762368272867,0.9066446786260157,0.40813289357252025,0.34172632933794544,0.23433352103611937,0.19415171748049243,0.6822862199340359,0.8866543319121553,0.2508647735499959,0.08587402461587967,0.3458691979728098,0.3260799613868556,0.45519266350253396,0.2940230069986324,0.5009251065883679,0.3375030166519185,0.4551524414769529
0.4192846328538986,0.3766086298258895,0.36478046934140795,0.56888720666162,0.5678463285389854,0.008421650264950786,0.08686601059803178,0.0,0.07655185465556391,0.33090461771385316,0.8044095382286145,0.9985806207418622,0.7207607872823616,0.4930923542770629,0.900454201362604,0.4889288417865254,0.6161998485995457,0.6821536714610144,1.0,0.5474072672218016,0.5900832702498107,0.8064912944738833,0.45174110522331556,0.8834216502649506
0.5466828521665699,0.17380060167836597,0.2011400221670976,0.0,0.18161186467514645,0.7029608909062122,0.33952604633979,0.2147569536074312,0.22647384810260196,0.022008761281469336,0.24046023117116166,1.0,0.21364859872275288,0.27909431572280563,0.4624478809310182,0.1960732569799969,0.2544993930437536,0.2908639890220086,0.11036047923154058,0.17369504407030134,0.1018103129783079,0.3317147833430094,0.46777854013828035,0.04744814482503834
0.37197674418604654,0.22773255813953486,0.2687790697674418,0.2583720930232558,0.12680232558139537,0.30906976744186054,0.10499999999999998,0.2933139534883721,0.07476744186046508,0.2688953488372092,0.17366279069767443,0.20354651162790693,0.05953488372093024,0.09063953488372095,0.3196511627906977,0.9999999999999999,0.21191860465116275,0.0,0.16116279069767436,0.1704651162790698,0.3011627906976745,0.1304069767441861,0.30418604651162795,0.08122093023255811
0.12019431364367883,0.0,0.09344638493175172,0.0985277463193659,0.31103594206353924,0.16775943255647607,0.1394170590689635,0.1942838409727604,0.9999999999999999,0.09349108899088043,0.22302855099243013,0.3449067175299517,0.25943255647612795,0.22931692197651554,0.4071049651308337,0.4978691065148716,0.33541455564165223,0.3473058353698516,0.4503933957203313,0.4829826548250581,0.2353072658997437,0.21447517434583063,0.40503367705787674,0.38366513679442094
0.12479208614199411,0.5571215967784294,0.4637573316992033,0.39179725115994046,0.3674603869386325,0.08723627768537145,0.10671452333012332,0.09135078350695947,0.19828416352972067,0.20086667250284507,0.44690536636610345,0.3334938282412675,0.2438938982754092,0.15495053838746375,0.9999999999999999,0.23680294143394898,0.12199072047623205,0.266830079663836,0.2573316992033615,0.13201435699903696,0.23557734395517804,0.6387113717937493,0.2671802503720563,0.0
0.30090090090090094,0.5405405405405406,0.20240240240240243,0.3552552552552552,0.5423423423423424,0.3393393393393394,0.5417417417417418,0.36156156156156155,0.40930930930930937,0.1741741741741742,0.2564564564564565,0.7696696696696697,0.4123123123123124,0.48408408408408415,0.49849849849849864,0.7183183183183184,0.2531531531531532,1.0000000000000002,0.8534534534534535,0.0,0.1036036036036036,0.10240240240240239,0.16426426426426433,0.14474474474474475
0.9098070106341081,1.0,0.3942497046081135,0.8755415517920444,0.11067349350137845,0.4507680189050809,0.10181173690429313,0.6697518708152816,0.0821189444663254,0.28160693186293817,0.2073651043718,0.39109885781803877,0.45805435210712897,0.0,0.035643954312721604,0.30504135486411976,0.09846396218983855,0.28022843639228046,0.3647105159511621,0.21524222134698712,0.12406459235919653,0.004332414336352897,0.4324537219377709,0.422607325718787
0.5475382003395585,0.7359932088285227,0.5979060554612338,0.6035653650254668,0.4550084889643463,0.2062818336162987,0.7209960384833051,0.8743633276740236,0.28438030560271654,0.3633276740237691,0.31211092246745886,0.7229767968307866,0.676287492925863,0.046406338426711935,0.7724957555178268,0.20543293718166378,0.2645727221279004,0.0,0.16411997736276174,0.09507640067911705,0.9999999999999999,0.8675721561969439,0.9207696661007355,0.4303904923599321
0.6870229007633588,0.636697766468759,0.32937517670342104,0.47780605032513435,0.9482612383375744,0.821600226180379,1.0,0.7104891150692678,0.4209782301385355,0.8671190274243711,0.418433700876449,0.6225614927905005,0.37178399773819626,0.1950805767599661,0.35142776364150413,0.734520780322307,0.7893695221939497,0.26576194515125817,0.18405428329092455,0.31099802092168505,0.0,0.5346338705117332,0.4636697766468759,0.49165959852982755
0.7921263248972528,0.35756002595717057,0.44127190136275146,0.6422236642872594,0.72528661042613,0.7369673372269088,0.7536231884057969,0.563703223015358,0.6528228423101881,0.3011031797534068,0.18191650443434998,0.9999999999999998,0.4118537746052346,0.5297425913908718,0.7865022712524332,0.518061864590093,0.9396495781959766,0.37053861129136917,0.1380056240536448,0.0,0.39476530391520653,0.5165476963011031,0.7380488860047587,0.607830413151633
0.45362268113405646,0.6419709874382606,0.32711079998444337,0.36623497841558716,0.5884183098043789,0.7430093726908562,0.3955197759887996,0.6798506591996261,0.20658810718313658,0.9286742114883517,0.8990393964142647,1.0,0.8135184537004623,0.9959164624897912,0.7708941002605685,0.37350756426710197,0.48706879788433843,0.6200754482168547,0.6791506241978764,0.0,0.553377668883444,0.517364757126745,0.6880955158869053,0.5105977521098275
0.019890379702884348,0.09863346643188411,0.0471218471764093,0.05004836189578629,0.011805262766300423,0.0,0.12628655043277695,0.15570050345973566,0.2856327968056348,0.2283177500558022,0.5436373105825749,0.5178691004687385,0.5170754693583989,0.5926440316460405,1.0,0.7903573820093749,0.619528285508792,0.7105974554202525,0.7004290568190275,0.9779767366880782,0.9061035192579551,0.8614617693013568,0.8614369683291586,0.8542198854195086
0.3855407071952772,0.4693205021935589,0.5826173099084164,0.8913126983806077,1.0,0.6533570547682106,0.48662636718355134,0.7212866182803308,0.6441178254452822,0.5828599154923881,0.508440652609021,0.510199543092817,0.3765643005883186,0.3315407476295412,0.45191355154357793,0.3838829023714696,0.6153084123486241,0.2957766411256899,0.2306774760932414,0.3948203707822009,0.2555445484503569,0.21337161110324887,0.12977377029294623,0.0
0.22582787320701264,0.37378253940145206,0.4036213918894989,0.7379139366035061,0.6832831591995749,0.5788471754914113,0.44935363910040743,0.18912697007260498,1.0,0.7105542766070478,0.354391712413671,0.3047635912874093,0.7818310607402161,0.36417566849654687,0.46962989197804145,0.450150522401275,0.4351425535682664,0.23118469984062345,0.3309721976270587,0.26890384274836193,0.4433327430494068,0.21298919780414377,0.0,0.12320701257304761
0.25922533368228207,0.21778766466021104,0.20487655936491317,0.17111576376166793,0.2857454418564075,0.15667800750239902,0.12610136962400767,0.0739771438541394,0.0011340835732356197,0.0,0.04636657070574893,0.13076855971386198,0.5559626624792811,0.6974613975399109,0.7587891476925761,0.7009945040565295,0.718878129634476,0.6941027654191747,1.0,0.6308994155107737,0.5032277763238244,0.7019977318328534,0.7961266684114106,0.9587368053738115
0.39102005231037484,0.43461203138622495,0.461900610287707,0.5951176983435047,0.22850915431560592,0.0,0.6118570183086314,0.5281604184829993,0.5394943330427202,0.7195292066259809,0.7574542284219703,0.6230165649520489,0.9252833478639928,0.6214472537053182,0.5860505666957281,0.40863121185701834,0.12537053182214475,0.17210113339145616,0.5638186573670445,1.0000000000000002,0.6356582388840453,0.46660854402789886,0.5000871839581518,0.3435047951176984
0.7761858243785955,0.46825138391403454,0.529143601432758,0.6171713882557255,0.9425811353522195,0.7630522088353413,1.0,0.275805926408336,0.596982524693368,0.42559426896776276,0.4680342993596005,0.5971996092478018,0.9125149245631172,0.8465212200151957,0.7757516552697277,0.7474221209160967,0.7794420926951044,0.4847498100510148,0.8244871377401497,0.20481927710843373,0.48507543688266574,0.33756648214479523,0.3660045587756431,0.0
0.03572128257036505,0.0,0.01497093972441716,0.030692875334682936,0.06295304643113692,0.04282309149089008,0.047198458825834254,0.10922092339841966,0.20758505844707115,0.22760073140468884,0.2364004440671325,0.3788284464180761,0.5334682949128191,0.5300724874289818,0.7055606347547835,0.6032456083066674,0.5586103310912296,0.7139848494743029,0.7316006007967086,0.8192222294782211,0.8887056749167372,0.9123293933259321,0.8878730490432964,0.9999999999999999
0.0,0.00682934315531003,0.1536985880908533,0.1347452424800491,0.14779005524861882,0.25997544505831793,0.25813382443216704,0.584330877839165,0.6176335174953959,0.6348219766728053,0.4373848987108655,0.40293124616329024,0.5946899938612645,0.6288367096378146,0.7484653161448741,0.5183394720687537,0.9177409453652546,0.6549263351749539,0.5831798649478207,0.820902394106814,0.8736187845303868,0.8321823204419888,0.9030847145488027,0.9999999999999999
0.015410075081546754,0.005124275657296105,0.0,0.28317077194046686,0.1430699891980482,0.16009237531195292,0.15512241325181317,0.12871350350398286,0.1396005938412911,0.2401332418094067,0.46326538213899926,0.9999999999999999,0.6736107785387033,0.6835507026589829,0.5760207312336041,0.639826743078503,0.45743339239819286,0.5601317518850203,0.4722847458348631,0.4763288263120646,0.4601205774521228,0.4395915478718026,0.43560067897982746,0.47676516131092056
0.6731233966613375,0.6161653716027808,0.9081310183291817,0.6112205822210655,0.7414953340521249,0.8674201583819756,0.5818120980034946,0.48596497750678513,0.5525895081235825,0.4657024947020113,1.0,0.7184816150500055,0.4393426776220395,0.24288954158456333,0.2728928876826412,0.26631222812953115,0.1990184778971632,0.1903558017622783,0.0,0.3940959958359668,0.22485779083169122,0.26991857828010557,0.32185745622188344,0.18886864706101059
0.25654745142213464,0.12991645545855635,0.1700929315685723,0.2679996245189149,0.0,0.0437435464188492,0.13498545010795082,0.548577865390031,0.17666385055852807,0.2740073218811603,0.16277105040833573,0.25241715948559096,0.07913263869332582,0.1868957101286023,0.27278700835445424,0.39754059889233073,0.38759035013611187,0.30704965737350975,0.3598047498357271,0.2113019806627241,0.2407772458462405,0.4229794424105886,0.31099220876748335,1.0
0.4733646465803645,0.4798373238629856,0.7538664222705924,0.5397525489746822,0.6520792759766296,1.0000000000000002,0.8583457440714859,0.2779241608431665,0.0,0.40588841791728725,0.3757589643716348,0.749169435215947,0.21989918661931496,0.21554588154427778,0.4542330163821744,0.5884981097491122,0.875930805361439,0.6119257646924048,0.4872837667544967,0.299232443578875,0.486825524115019,0.3520449077786689,0.4232443578875016,0.5155802497422386
0.23992631148020338,0.3102813030001753,0.39648517457161236,0.0,0.23735306158254865,0.27334931867360657,0.378618632668577,0.2698695830165506,0.6253874495584536,0.5581028130300018,0.6364114860518159,0.42976197438446684,0.3595531902450435,0.5947716240715831,0.35148254283876246,0.4931867360664365,0.7339902918299316,0.9999999999999999,0.663810749166618,0.35177495759985955,0.5938943797882917,0.8165389788876541,0.5746534885080999,0.5020176618515703
0.02814030398633161,0.0,0.019749807576821255,0.012137462043999358,0.007493931268977998,0.04454067952871123,0.014911739082627776,0.019369190300180156,0.036809919732045435,0.02476549746678056,0.038983667289751237,0.034264013059401674,0.9984690727317324,0.6757563711103027,0.6955146368488272,0.5761276844090705,0.6366289150715982,0.6318415955476236,0.4805335408402337,0.5702408038636881,0.5338537922167995,0.6571822480102174,0.7087601180759372,0.9999999999999999
0.8595940252776713,0.6719264649559558,0.9999999999999998,0.4674837227116042,0.08502489467636898,0.6525469168900802,0.3561853695901951,0.32248180773649926,0.0,0.24664879356568337,0.32654155495978543,0.5155112983531212,0.28793565683646105,0.5013404825737264,0.3638452700114898,0.5036384527001145,0.5280735350440444,0.4637303715051704,0.496361547299885,0.034086556874760365,0.38146304098046735,0.1628494829567213,0.545691306013022,0.3590195327460741
0.7007087920374001,0.8644548333584678,0.8243251394963053,0.6607148243100589,0.6349193183531896,0.7934022017795205,0.7495702005730659,0.5972251545769869,0.7274619212788418,0.7451892625546674,0.9060775147036645,0.8744608656311266,0.8813376564620721,0.8158271753883276,0.8025260141758407,0.8186472628562812,1.0,0.735039963806364,0.22582566732016288,0.25343839541547275,0.03120193032725079,0.029060473533403706,0.011883577137686618,0.0
0.10460626389484773,0.0066695268926244555,0.16907835719021813,0.01778540504699877,0.33254027068138403,0.24486134404617999,0.5291548032294553,0.14965482273099595,0.0,0.07952728265532993,0.19181715355513096,0.3631576894574673,0.21603806700729367,0.5396076290026914,0.3457233121416592,0.1833924880065525,0.022738796364912828,0.7811927142244239,0.575178439096689,0.40719216818128645,0.7379382971254731,0.47930886540036677,1.0000000000000002,0.6200319825266198
0.11004517040289763,0.20021816045981522,0.1867229781699694,0.18072356552505353,0.09380899772050288,0.0,0.16774581509502573,0.1944844560672382,0.23189338106758783,0.3996531808074735,0.3189477953207379,0.40159704644300565,0.4053029773308907,0.45268295411638027,0.6044862740710701,0.6376438670339967,0.44634790999482576,0.5138657753786343,0.7011341546981414,0.7845385766428464,0.8193743269889663,1.0,0.7486399932873705,0.7663165843903396
0.1508210171521071,0.171986739547415,0.16354927766012883,0.05231004623418667,0.05354074041222712,0.0,0.013792644662002584,0.038938720299801555,0.08151408645903785,0.06785448981628284,0.03566795649329768,0.10891089108910895,0.24283480979676914,0.2696772476799752,0.1968556318117814,0.1930748505981617,0.19199937910924353,0.19388422604858468,0.201700797179382,0.2305056933464903,0.31007949619150044,0.3970485514396904,0.6846429323783443,1.0
0.5971234147850293,1.0,0.5640272193009587,0.23553974636560468,0.41829054541705324,0.6221775440767088,0.3899886586246004,0.16377977111042377,0.10078358593669454,0.0,0.02397154345808844,0.026136715125270632,0.3007011032065161,0.014846891432106407,0.06784204557170842,0.17120321682647696,0.15223218888545212,0.4080833075574801,0.46540880503144655,0.5245386122280646,0.44437570883596234,0.3206000618620476,0.36514073615836684,0.5138674090112382
0.578201254938415,0.6403284530172746,0.7215121233248118,0.4051049655279262,0.9999999999999998,0.5890076690680919,0.48458439848167933,0.38240762258889127,0.5674335734758695,0.5840111550081337,0.6350220776202649,0.22015647997521104,0.2536989697110542,0.12359594081648462,0.00298241536912236,0.023162134944612278,0.2170578666046944,0.19784646370749082,0.07742660159578585,0.07080331551630636,0.06383143543264391,0.09036331241769313,0.0,0.07277868154001088
0.0,0.15983689893941505,0.16575519857875193,0.18398099294727044,0.29184815762154986,0.2566594248654202,0.3416132450047625,0.3853530110553409,0.371782660345252,0.3917743126531748,0.327133209901647,0.46598315478547503,0.7463906933935508,0.962189235758088,0.9999999999999999,0.8881623305043932,0.7298558417791287,0.9603698669720352,0.9294620019477949,0.8349404424276801,0.964393882640011,0.8444332666231444,0.9193163454232173,0.939083252175216
0.6585648148148147,0.8744212962962963,0.49054783950617287,0.24498456790123457,0.5667438271604937,0.9984567901234569,0.42418981481481466,0.2708333333333335,0.0,0.48128858024691357,0.5680941358024691,0.949074074074074,0.830054012345679,0.5528549382716048,0.9735725308641974,0.5979938271604937,0.7368827160493827,0.7598379629629628,0.37519290123456783,0.3877314814814814,0.3491512345679011,0.8005401234567899,1.0,0.6099537037037037
0.10766554088629618,0.20417562173779555,0.33404973902364143,0.24142871763381432,0.20366390338757548,0.36137549892539156,0.604851089960086,0.499027735134582,0.7293009927335995,1.0,0.8516016784361886,0.5845870432913726,0.41398014532801153,0.25370995803909524,0.2272029474976973,0.36567393306723983,0.24930918022720297,0.23887012588271414,0.0,0.11073585098761643,0.26599119844437624,0.5615597175314707,0.2868693071333538,0.15627878415719984
0.5615268709191359,0.9999999999999998,0.8798342541436461,0.44060773480662996,0.3519588146659969,0.13046207935710674,0.2412104470115517,0.5326469110999497,0.7734806629834254,0.6223003515821197,0.49384731290808603,0.6850828729281766,0.3358864892014062,0.48028628829733777,0.3522099447513811,0.3827222501255647,0.5114264188849822,0.023229532898040972,0.8879959819186338,0.0,0.11853340030135606,0.3137870416875941,0.033149171270717925,0.18307383224510265
0.0010845986984815564,0.0,0.031203070248623385,0.11338227932588019,0.13332220924411814,0.2122476222259303,0.26247288503253796,0.1994827298514934,0.26839646253962957,0.09978308026030366,0.08393125312865007,0.16168863674286668,0.09302519606207241,0.08818621725346237,0.20432170866010346,0.5055064241615217,0.2676455865176039,0.42332721508426496,0.5301184715501419,0.6598531620223593,0.9337560487235108,0.7810779242449524,0.916235608209578,1.0
0.03363951212166849,0.027014003915073026,0.24866736937208261,0.11118807408522818,0.10492395723535614,0.1659087486824274,0.0,0.03517542538774282,0.19984942026803193,0.19620539075440452,0.10179189881042017,0.23029664207197714,0.6454449631079657,0.8543893991868694,0.6423430206294234,0.7511218190031623,0.9709381117301612,0.8546905586508056,0.8964914922451439,0.7587712693871405,0.9602469507604277,0.679807257943081,0.9959644631832556,1.0
1.0,0.3989511508206274,0.5919199766922405,0.5515198601534428,0.46625230649703797,0.24337185588035348,0.24929591143051377,0.21608235408371368,0.2772652228804505,0.0,0.3100903175682238,0.44644071088666604,0.2599786345537536,0.28357774108963774,0.23560260269981548,0.22346314460522476,0.5391861707293386,0.3953578712246284,0.6674759638729728,0.6042536661163446,0.15421967563367978,0.10303972030688552,0.1916092065650189,0.23589394969408561
0.5766430396836877,0.526495973769227,0.4321326968513428,0.6052847292540624,0.5548965716765515,0.6292974588938716,0.4742755195525339,0.9999999999999998,0.670283041612421,0.585225902888278,0.45672404648247256,0.3868074641978879,0.41617242875741356,0.21206422681903658,0.13129851969718886,0.15545590433482803,0.22281691499107958,0.0,0.18747287718790673,0.23607695645884563,0.26438111770094985,0.2551231978398186,0.10149959014417276,0.2896957423212305
0.5492125984251969,0.7522145669291339,0.642716535433071,0.5260826771653543,0.7731299212598425,0.6109744094488189,0.05487204724409456,0.2891240157480316,0.2842027559055119,0.9999999999999999,0.9660433070866142,0.7775590551181101,0.6833169291338582,0.3299704724409448,0.6811023622047244,0.6783956692913388,0.0,0.5056594488188976,0.6240157480314962,0.3124999999999999,0.15575787401574814,0.9052657480314962,0.49507874015748043,0.8964074803149608
1.0000000000000002,0.5925756186984419,0.7133892688429813,0.6801804977790313,0.6859268137911586,0.6219065077910175,0.7081365014453925,0.589896354790947,0.5753366706620604,0.5794613269407037,0.721532820982867,0.769830078262709,0.6971021645632096,0.5928928999506453,0.5495311288161886,0.41503913135443854,0.46259606571247275,0.1854332651766199,0.17841782415567936,0.2609814566734824,0.26584643587393364,0.2748008178805613,0.16590284142988088,0.0
0.4765607341440259,0.25437367207630746,0.07020478278558828,0.24931060982776532,0.2823561321820893,0.31720989105374975,0.2230459744134532,0.42882329008634323,0.4684236698160118,0.3272003978120338,0.4676551692961438,0.3694227204918402,0.06093757063423899,0.20044301794674735,0.2858821933908954,0.29867546675105094,0.6582432982234074,0.9566475294968579,1.0,0.4786854120518963,0.010080918584150833,0.11500384250259921,0.020568690384702326,0.0
0.32111034955448936,0.10520904729266622,0.05671692940370121,0.18917066483893075,0.820424948594928,0.37337217272104184,0.10075394105551749,0.048149417409184436,0.20373543522960935,0.7556545579163809,0.41980808773132283,0.17289239204934892,0.3456134338588074,0.29746401644962306,0.0,0.7078478409869773,1.0,0.13056888279643586,0.4172378341329678,0.07453735435229614,0.5692254969156956,0.3699451679232352,0.4617888965044552,0.5126799177518848
0.0,0.14200882025710115,0.30365544697792246,0.2590045709843032,0.24901810967681393,0.26049248669588887,0.22525167222959475,0.24010402005335052,0.384096727925899,0.11137920403211754,0.15349660192222625,0.2526775780485516,0.6558625219501079,0.6862910684843367,0.6382354123939357,0.7087170413265237,0.6663717644535595,0.6378064637203255,0.722295947775499,0.958378574013753,0.7819466226994275,0.6745083846061045,1.0,0.9575742952507339
0.47088186356073214,0.5220763014024248,0.6503743760399334,0.9999999999999998,0.3222010934157358,0.3615105776087473,0.4616115997147612,0.6236332303304017,0.26396482053719983,0.4745661991918233,0.33292726408367,0.29005229379605413,0.5860767768005706,0.54486570002377,0.7061445210363679,0.24111599714761112,0.5716068457333017,0.3143867363917281,0.40391014975041606,0.0,0.06527810791537902,0.2004100309008794,0.0904147848823389,0.2547836938435939
0.31911383455102516,0.22004870767538687,0.2150993793699426,0.0,0.42917746877209517,0.5237646319428079,0.3044229711681985,0.606724801634064,0.7475056956555896,0.2261764474821274,0.2563437819153115,0.3832979809882944,0.29782386676093964,0.2799120119412365,0.3646790792678136,0.34904548668394997,0.4228926074318484,0.22845470971796678,0.9999999999999999,0.9377013119648049,0.6085316992693849,0.5215649304737214,0.5576243224133869,0.47395710582135275
0.5011238613509996,0.45415828699869887,0.3973737134745061,0.46309002720927483,0.20643558499940862,0.29770495682006404,0.578137939193186,0.44002129421507163,0.4192594345202887,0.0,0.3016680468472732,0.5903821128593401,0.48059860404590093,0.7937418667928549,0.4795338932923223,0.7948065775464332,0.44392523364486003,0.3853069916006151,1.0,0.693422453566781,0.45806222642848704,0.8895066840175088,0.512303324263575,0.6488229031113217
0.9884057971014492,0.9370791527313266,0.865685618729097,0.6284057971014492,0.7808695652173911,0.9484057971014493,0.8626086956521739,0.9999999999999999,0.9698104793756966,0.9360535117056855,0.9356521739130433,0.8769230769230768,0.9158528428093645,0.3755183946488294,0.18341137123745818,0.13979933110367895,0.058862876254180574,0.05752508361204012,0.005261984392419178,0.0,0.07852842809364549,0.03696767001114826,0.0944035674470457,0.04227424749163877
0.3844813448134481,0.43040180401803996,0.5535055350553506,0.00020500205002060845,0.0,0.3639811398113981,0.1692291922919229,0.2513325133251332,0.03300533005330042,0.8589585895858955,0.6752767527675276,0.8051455514555144,0.5890733907339074,0.5407954079540795,0.6286387863878637,0.5139401394013938,0.17999179991799918,0.13099630996309952,0.2846453464534646,0.26250512505125045,0.6112136121361214,1.0,0.7643501435014348,0.906621566215662
0.0,0.014755234551688923,0.13770336324505728,0.22906179324432774,0.24520318085649673,0.31881520391041085,0.5933647041657548,0.317337856569636,0.3527941927482309,0.5906653534690305,0.4764171591157803,0.34544393375647475,0.46293864448821775,0.6045451229298899,0.9257313781279639,1.0000000000000002,0.7587728897643542,0.8306886992047859,0.6992959801561247,0.7307580068578099,0.7456409134019115,0.8028926825709493,0.5875829867950684,0.6664660392500183
0.7298964529632076,0.5573914959242123,0.5567305573914958,0.0,0.4362194315928618,0.7893809209076889,0.7116104868913857,0.7250495703899537,0.49526327384886537,0.36087243886318565,0.21017845340383343,0.9435999118748623,0.4326944260850407,0.8211059704780787,0.6693104207975323,0.7748402731879268,0.6827495042961004,0.8237497246089448,0.31086142322097376,0.35316148931482705,0.8587794668429168,0.6684291694205772,0.7929059264155099,0.9999999999999999
0.7258793251358309,0.8048041178152704,0.6116213897626537,0.8565398913354304,0.845170145839291,1.0,0.9620817843866173,0.8593308550185874,0.8823677437803833,0.6883156991707179,0.7176665713468688,0.7775235916499859,0.6793480125822134,0.1163854732627967,0.1346296825850729,0.0341778667429225,0.012330569059193597,0.0,0.0016013726050900755,0.00855590506148127,0.03202745210180155,0.02222476408350015,0.026594223620245928,0.0056505576208178455
0.4334316617502458,0.43834808259587016,0.3737463126843658,0.40550639134709937,0.4085545722713864,1.0,0.42615535889872175,0.5691248770894788,0.3267453294001967,0.5359882005899705,0.3771878072763028,0.4101278269419863,0.16676499508357912,0.09626352015732542,0.16194690265486722,0.10137659783677483,0.07050147492625364,0.007767944936086513,0.20294985250737457,0.1572271386430678,0.203834808259587,0.09046214355948867,0.0,0.05299901671583085
0.8158711393527411,0.9815280035466232,0.6740062065908081,0.5418944879562582,0.7679917245455887,0.44391901876754813,0.2795921383183093,0.4492389537461208,0.7396187379932022,1.0,0.4657898625683463,0.6422343726910003,0.6327767105068713,0.573666321856066,0.7811437860203929,0.46505098271021117,0.49549283286537604,0.40135953893896836,0.8185311068420273,0.263927885325846,0.5546032215161814,0.0,0.222255061327028,0.3954485000738879
0.42390700025271666,0.38680818802122807,0.5282284559009348,0.2302754612079857,0.42178417993429373,0.6461460702552438,0.37872125347485464,0.2551427849380844,0.0,0.4205205964114228,0.2163254991154916,0.41875157947940356,0.46408895628001,0.2437199898913317,0.1938337124083901,0.40096032347738186,0.9999999999999999,0.6130907252969421,0.5622441243366186,0.13641647712913818,0.47450088450846584,0.27904978519080104,0.3017942886024766,0.17174627242860752
0.05596382136800454,0.01760478074779942,0.06920778486634899,0.1703948962287007,0.0,0.0262456593717193,0.2801421303399823,0.35282241783089724,0.5076314301865461,0.4217879350722766,0.5031091011871114,0.911895340386013,0.9083420818864572,1.0,0.9833642897520793,0.3215698942098038,0.5952515545505936,0.6329645481708794,0.8085278203989341,0.6731809739158523,0.9630138092546234,0.8892029395138497,0.6901397076637328,0.699184365662602
0.27250755287009043,0.40755287009063457,0.0,0.4089123867069486,0.5950151057401813,0.3368580060422961,0.2623867069486405,0.05921450151057406,0.40045317220543786,0.6152567975830816,1.0,0.7447129909365562,0.4725075528700906,0.31691842900302114,0.33126888217522654,0.18308157099697886,0.33338368580060407,0.2107250755287009,0.6138972809667673,0.2454682779456192,0.9178247734138973,0.5084592145015105,0.4415407854984894,0.26102719033232624
0.4973417109714835,0.554696310617045,0.5915901401643304,0.4304817141936521,0.5002416626389559,0.6650555824069597,0.17947478653133553,0.720960206218785,0.7467375543740937,0.782664733365555,0.8712743676494279,0.5430965039471563,0.2924117931367809,1.0,0.8915740293217334,0.36039954889640713,0.6795553407443209,0.08941517641372632,0.6152730787820202,0.3470275495408408,0.43322055743515375,0.08877074270984342,0.12292572901562737,0.0
0.4554383412149874,0.6878865041833393,0.4598035649327028,0.8130229174245178,0.7028010185522007,0.7702801018552199,0.5723899599854492,0.8430338304838121,0.5887595489268824,0.5016369588941432,0.9447071662422699,0.4688977810112769,0.537831938886868,0.4845398326664241,0.5822117133503093,0.6084030556566025,0.5481993452164422,0.37668242997453594,1.0,0.27882866496907965,0.26173153874136035,0.0,0.13077482720989453,0.6380502000727537
0.5991486342674709,0.8140002364904815,0.5726617003665603,0.6897244885893343,0.802412202908833,1.0,0.8123448031216745,0.8725316306018684,0.8727681210831266,0.6978834101927398,0.3284852784675417,0.5557526309566041,0.26971739387489657,0.5606006858223958,0.5403807496748257,0.37519214851602223,0.5033699893579284,0.5893342792952585,0.32127231878916884,0.2526900792243112,0.6101454416459738,0.1350360647983919,0.0,0.1739387489653542
0.6727131381186838,1.0,0.32780513086291796,0.34775848665457376,0.3500906970717803,0.4050272091215341,0.3104431199792692,0.4304223892200053,0.3055195646540555,0.4690334283493134,0.8266390256543147,0.46851515936771193,0.1938325991189427,0.04431199792692406,0.3573464628142007,0.2868618813164032,0.29567245400362785,0.3614926146670123,0.32469551697330923,0.08525524747343868,0.16144078776885204,0.13112205234516713,0.0,0.21948691370821458
0.05318756002068403,0.32244958262539714,0.318903745290685,0.19435620890891636,0.13570214966388416,0.0,0.14441899977838524,0.6252493166875971,0.7448474551229963,0.798552116421659,0.7408583881214449,0.4971559429711162,0.7360567333973554,0.7356873753416563,0.8899312994016398,0.7134520203885647,0.570658196055256,0.7631676146856764,0.6334490655241191,1.0,0.9631380660412202,0.7618379256851592,0.7853290980276281,0.8385905296594519
0.015043405874658078,0.16202877868949933,0.1553097871328339,0.04542751813533119,0.0,0.0032108455226543264,0.12694731834938755,0.3663931501962184,0.18949934593887502,0.10679034367939116,0.025389463669877488,0.18278035438220958,0.43602092995599945,0.7886193364252585,1.0,0.878701391366393,0.364906647639434,0.19907242240456652,0.3332144131287906,0.377571649423237,0.3931501962183375,0.38910690926388386,0.5101082173861338,0.6148174574860268
0.2652475113034365,0.0,0.23369491393864106,0.26777016668930576,0.2579900258087049,0.8871208740030658,0.6017891448198238,0.4223507267188016,0.5943764189936545,0.10290493470203543,0.5246735101779438,0.4086313624279587,0.0542759008790481,0.08567325791240554,0.12883007005219937,0.6855413036306834,1.0,0.5701589272893095,0.44676226883744374,0.5146411037587568,0.6233481458482912,0.6004696020026006,0.47711175363359404,0.5222866900820833
0.9047887323943663,1.0,0.5573239436619718,0.5994366197183097,0.7111267605633803,0.7740845070422536,0.498169014084507,0.5428169014084506,0.4933802816901409,0.04084507042253516,0.0,0.09267605633802811,0.3270422535211267,0.23732394366197185,0.7359154929577466,0.16239436619718306,0.6030985915492958,0.3809859154929578,0.4269014084507041,0.5233802816901408,0.791830985915493,0.3761971830985915,0.8133802816901409,0.36732394366197174
0.5866132590270522,0.23801230697782427,0.5786021130848719,0.3892371995820273,0.1409497271566238,0.2753976547079996,0.4779403227679091,0.28073841866945315,0.09404388714733547,1.0,0.5568907465459191,0.6107047486357834,0.3095901544177406,0.25670498084291193,0.40078950423778015,0.28747242540345996,0.32491582491582494,0.4445024962266342,0.7348194589573901,0.7347033553930106,0.5533495878323464,0.3384418901660282,0.005166608614884494,0.0
0.6215322984476717,0.6328492739108664,1.0,0.5864797195793692,0.2911367050575865,0.18748122183274918,0.4675012518778169,0.49093640460691057,0.26880320480721087,0.6334501752628945,0.4475713570355534,0.5541311967951927,0.12398597896845276,0.4097145718577867,0.5241862794191288,0.16084126189283932,0.0,0.513870806209314,0.5242864296444668,0.3488232348522784,0.23785678517776665,0.2976464697045569,0.5073610415623435,0.09484226339509272
0.21332798073063028,0.0,0.11216378964271378,0.03203532717784022,0.2600562023283822,0.2882376555600161,0.3775190686471297,0.2817342432757929,0.23853873946206347,0.4752308309915697,0.527980730630269,0.7674026495383381,0.4581292653552791,0.38105178643115223,0.274588518667202,0.4033721397029306,0.38113207547169814,0.397912484945805,0.4222400642312324,0.5765556001605783,0.5857085507828181,0.5939783219590526,0.9898032918506626,1.0000000000000002
0.0,0.48286518404061585,0.3481595938413995,0.7085701672093151,0.6692235527840628,0.4383312179239557,0.5395397604988686,0.4184647646377132,0.4972131780806798,0.6398101650019313,0.4791126317532145,0.4038408476353402,0.8771039125876056,0.9014955024557142,0.5070912201313394,0.7904641024226037,0.9999999999999999,0.6660228464212791,0.6139837757298162,0.3462833176976988,0.5082500965730367,0.4048893548921141,0.2655482589261079,0.059764913636112804
0.23520822752666337,0.5634205180294567,0.0,0.213433214829863,0.11541391569324533,0.271584560690706,0.30910360589131547,0.36198577958354505,0.4273108176739462,0.6025266632808532,0.5056500761808025,0.4930167597765365,0.8555738953783649,0.9047739969527682,0.7837734890807517,0.9544184865413918,0.623666835957339,0.5940198070086338,1.0,0.6392839004570849,0.3500507872016254,0.35430421533773493,0.1261427120365668,0.15236160487557138
0.0,0.08252344416027282,0.02969593634555273,0.07297527706734866,0.158283603296391,0.16763285024154587,0.363114521170787,0.2187553282182438,0.44404660414890584,0.41787439613526567,0.37223643080420565,0.35552713839158845,0.4797669792554702,0.5304347826086956,0.5053140096618357,0.42259164535379357,0.5608979823813582,0.6659562375674907,0.6077294685990337,0.7714407502131286,0.6706734867860186,0.779681727763569,0.9377379937482239,0.9999999999999999
0.0,0.008558607858159123,0.06146437561562876,0.11559592864178614,0.0728028893509905,0.03880923716756049,0.058202911240013144,0.08937287950093029,0.08589252489876326,0.14895479916821713,0.16815147203677355,0.26015103425632047,0.15449272189996716,0.291233446426617,1.0,0.3725949436357666,0.26573273503338074,0.32041151362591663,0.2747072343219875,0.31732516143154205,0.32408886943197984,0.3959943088541097,0.37708219328007003,0.3776294188464485
0.5275054306346503,0.36981154230024066,0.5560382786355897,0.32595549815064867,0.46468619738155353,0.18599189808019728,1.0,0.30482005518699,0.5552163447425584,0.31239358891563435,0.23830211941525276,0.9694710268302706,0.4884048611518816,0.2130570069864381,0.237069218575706,0.15922033699289612,0.06047085070157926,0.046497974520049334,0.7866494451946222,0.25309692948981394,0.18992543885398933,0.0,0.5101861093172078,0.23178535783479132
0.0,0.07523616734143054,0.19846491228070176,0.39566464237516874,0.5955634278002698,0.4505735492577597,0.7388663967611336,1.0,0.8762651821862347,0.4460188933873145,0.9059547908232118,0.6189271255060729,0.7306848852901485,0.792004048582996,0.6364709851551957,0.8538292847503374,0.5444500674763834,0.7442645074224022,0.7780870445344129,0.6902834008097166,0.5106275303643725,0.5330634278002699,0.74055330634278,0.9596828609986506
0.1786608782768408,0.251711471030222,0.07321756553681746,0.10110202037067956,0.20754716981132076,0.16847553848722646,0.0,0.3471364167640674,0.618133244281182,0.9999999999999998,0.7176490232092168,0.6021038570712973,0.3297712472866922,0.32676573718483887,0.43638336951076967,0.4856403406244782,0.8685089330439137,0.7252462848555683,0.7747537151444315,0.5315578560694607,0.8836199699448988,0.5642010352312572,0.928786107864418,0.5849891467690767
0.0,0.3649893033206213,0.31038973118779656,0.07831829597246776,0.16361268719188915,0.3658264347502558,0.616500790624128,0.1229653055529718,0.3221095712026789,0.1368244814435866,0.24965119523765233,0.6146404985582736,0.4780950609245651,0.6007813226676588,0.3941028741512418,0.512324434936285,0.47735094409822354,0.7384429355408799,0.6896102688122037,0.5918519207515582,0.48004836759371217,1.0000000000000002,1.0000000000000002,0.8804762347688588
0.10084496693607636,0.04188096987509182,0.0,0.1656869948567229,0.32421013960323286,0.7749816311535634,0.38666421748714164,0.7321822189566495,0.7404481998530491,0.5005510653930932,0.5782512858192503,0.6241734019103599,0.7667156502571638,0.9999999999999999,0.9864070536370314,0.5543717854518735,0.7893093313739897,0.8704996326230711,0.9327700220426155,0.7617560617193241,0.7847171197648787,0.3706833210874356,0.5180014695077149,0.6763409257898604
0.0,0.25603112840466924,0.22194552529182882,0.2756420233463035,0.3607782101167315,0.2932295719844358,0.4633463035019455,0.21914396887159535,0.2356420233463035,0.2172762645914397,0.34583657587548644,0.47284046692607007,0.9999999999999999,0.7626459143968871,0.8032684824902724,0.5864591439688716,0.7545525291828794,0.6059143968871595,0.38785992217898835,0.5100389105058366,0.4460700389105058,0.5363424124513618,0.39066147859922185,0.46007782101167316
1.0,0.5695569729357008,0.39182899500086177,0.4828477848646786,0.6159282882261679,0.27305636959144985,0.23599379417341837,0.4269953456300637,0.26323047750387873,0.17048784692294439,0.10687812446129985,0.43682123771763504,0.7162558179624201,0.7671091191173935,0.4342354766419583,0.6710911911739357,0.5405964488881227,0.6224788829512153,0.3516635062920186,0.5080158593345974,0.0,0.4001034304430269,0.47888295121530766,0.22134114807791772
0.2645768356504732,0.27800391182534223,0.007770788179943977,0.0,0.0005814875508801665,0.020246339271554725,0.0407569910662367,0.30845271448961253,0.5165195326954592,0.548501347993868,0.41840672411058843,1.0,0.42205423692974586,0.3103029021515039,0.3248929534281334,0.5928529893746367,0.36564994449437016,0.2729819738859228,0.23317650790294453,0.293175450652852,0.3749537453084528,0.17878099064333663,0.1717502775281493,0.19611989216049053
0.8749868793954024,0.8001469507714916,0.7960533221370841,0.9999999999999999,0.771596515167419,0.7694972184318254,0.6269549700850215,0.4333998110632937,0.590217277212134,0.8462265141177706,0.4533431300514328,0.3794478849585389,0.24939645218851683,0.3842762674504041,0.1912459326125748,0.3445995591476855,0.4691928204051642,0.3799727091424372,0.2222105594625801,0.331373989713446,0.1684685630313845,0.20971974388579825,0.1927154403274903,0.0
0.06916107614634481,0.236254236115914,0.0,0.030638356732830774,0.24088802821771904,0.2921363856421606,0.45459575350992476,0.5199529704682205,0.4513451829310464,0.2827304792862577,0.15872466975586141,1.0,0.04709869285566082,0.05657376028771005,0.3132996749429421,0.22857735666366974,0.25368282730479286,0.13783802475966522,0.23805242409571903,0.08029600940590637,0.4361989072549969,0.2135002420637665,0.2552043709800125,0.027941074763123297
0.10681488641855968,0.20589656839052684,0.15418076365393912,0.0,0.3682938617689705,0.1304978250362494,0.7027549540840987,0.7249879168680523,0.2827452875785404,0.6916384726921219,0.27162880618656354,0.4509424842919285,0.10971483808603194,0.8153697438376027,0.017399710004833285,0.0,0.10488158530691155,0.31367810536491064,0.06041565973900437,0.09666505558240696,0.19139681005316578,0.30304494925084585,1.0,0.19429676172063803
0.42129939718687215,0.6905559276624247,0.10113864701942402,0.0,0.15003348961821836,0.16711319490957802,0.3171466845277965,0.3476222371064971,0.047890154052243755,0.16175485599464165,0.46048225050234437,0.5592766242464837,0.49363697253851313,0.4902880107166778,0.22638981915606163,0.28968519758874756,0.4641661085063631,1.0,0.012726054922973878,0.9691895512391161,0.9226389819156063,0.16208975217682517,0.49229738780977905,0.7263898191560617
0.01743786901002331,0.31731429356034596,0.39901139640258126,0.5291775367293698,0.5628175202526433,0.41260469586708776,0.22477001235754496,0.0,0.3913222573115474,0.3825346697789372,0.5113277495537554,0.17630097487299184,0.2618426472607442,0.13140189482356163,0.16572840862282018,0.2352052725525195,0.37566936701908543,0.3311822051352465,0.21447205821776744,0.25566387477687763,0.3384594260606893,0.5698201290676919,1.0,0.8889194013455994
0.0,0.16282069657445886,0.4460369786441163,0.5394868854808654,0.44976350867134873,0.544718360326788,0.48323061487745433,0.6282069657445892,0.6795184176580191,0.8389709044001719,0.8634800057331229,0.5606994410204957,0.5212125555396301,0.7613587501791599,0.9872438010606277,0.89737709617314,0.4563566002579904,0.55446466962878,0.9999999999999998,0.7921742869428119,0.6076393865558263,0.5333237781281353,0.5766805217142035,0.37788447756915566
0.9999999999999999,0.3414990468385327,0.04740864793600463,0.18266849578649202,0.22667426820360237,0.2839174045502325,0.2543070427051971,0.16734664790037257,0.08001211494949156,0.14030180477115228,0.08737016515526752,0.3418731849845892,0.13372766306187545,0.12690409592189422,0.11482477863493046,0.0,0.07379429528407788,0.32047604625060144,0.2701633736571115,0.10123109266154773,0.05515865239003015,0.21623403231840943,0.11482477863493046,0.07584314703629158
0.09391834420187131,0.0,0.08541253189679618,0.08307343351290047,0.14381910972497872,0.14371278707116528,0.22132832435497593,0.24220300538701448,0.37220017011624607,0.32325630847745956,0.21796144031755035,0.2533314431528211,0.21105046781967676,0.353948114544939,0.3565352991210661,0.5534448539835555,1.0,0.7465622341933654,0.8312305075134675,0.7930606747944429,0.6684505245250921,0.4946129855401191,0.6714275588318684,0.48890700311879787
0.7034001743679164,0.9356582388840451,0.6524847428073233,0.3679163034001743,0.6598081952920662,0.8995640802092415,0.6062772449869223,0.6383609415867479,0.7424585876198779,0.1705318221447253,0.4230165649520488,1.0,0.47707061900610276,0.4439407149084567,0.18395815170008717,0.288927637314734,0.21272885789014812,0.2650392327811682,0.33234524847428065,0.25196163905841323,0.32275501307759374,0.0,0.1536181342632955,0.14734088927637312
0.0,0.12636764324604616,0.19066632097485092,0.06720248898107338,0.024682395644283123,0.13694581280788176,0.16743583095670206,0.2267565465387607,0.26746175784288306,0.28213637542131187,0.2762250453720508,0.5015296862846773,0.582991962665284,0.4856105781695618,0.5144931293751621,0.7661913404200156,0.5505833549390718,0.5956961368939591,0.48224008296603577,0.7872439719989629,0.9459165154264972,0.46766917293233085,0.8622245268343273,1.0
0.3653314917127073,0.4979281767955802,0.7272099447513812,0.4991367403314918,0.23549723756906082,0.47306629834254144,0.3181975138121548,0.0,0.14796270718232052,0.14209254143646421,0.30680248618784545,0.6603936464088399,0.6210290055248621,0.6339779005524863,0.9999999999999999,0.7674378453038674,0.2332527624309393,0.4269682320441991,0.41609116022099457,0.5107044198895029,0.39105662983425415,0.15780386740331498,0.4299033149171271,0.48601519337016585
0.04283691291007791,0.21040830776492797,0.0,0.20899221147038,0.15352843993391557,0.10762331838565026,0.19164503186216658,0.2717724805286759,0.5532216190700967,0.36511682794430017,0.516049091338211,0.37750767052159545,0.1226103375029502,0.3429313193297145,0.30764691999055943,0.8356148218078829,0.9324994099598771,0.9443002124144442,0.8252301156478641,1.0,0.9214066556525844,0.8752655180552278,0.855204153882464,0.6988435213594524
0.3509337632674997,0.440279457208115,0.5315061131264276,0.816068789466613,0.6141340857181244,0.7259169689641275,0.46150745667069737,1.0,0.5755743651753326,0.6426172242375386,0.14577455327153033,0.44350396345559584,0.6587397554749429,0.576111782883246,0.6629047427112724,0.5449415558242645,0.5437323659814591,0.5563616821174259,0.4830041649872364,0.33790138385059787,0.5273411258900981,0.0,0.2720677146311971,0.30995566303909716
0.5588327091136079,0.4261860174781523,0.7147315855181023,0.9999999999999999,0.7094257178526843,0.5942571785268415,0.5014044943820227,0.46832084893882653,0.9074594257178529,0.5312109862671662,0.7337702871410737,0.7317415730337079,0.5536828963795256,0.8211610486891386,0.37874531835205993,0.0,0.24422596754057435,0.23361423220973798,0.4119850187265919,0.587390761548065,0.35799001248439455,0.2489076154806492,0.20380774032459426,0.48938826466916363
0.017919338954144756,0.013779795504952244,0.0,0.040370557196960616,0.02506145260342854,0.04495047760883317,0.06117236354319297,0.05343774270775785,0.05191644047304493,0.07010000560479772,0.07776256475543065,0.047584732531046586,0.033220436693809904,0.007078058818348512,0.04852153443347505,0.059562985915944056,0.9999999999999999,0.17131464533640794,0.2784863843449993,0.24736374336431982,0.2832584692496777,0.245474125851729,0.1939179938026951,0.1760226754101511
0.1419648885887913,0.0976817465676344,0.28325455773126273,0.23610173306324567,0.12108935404006305,0.11141120864280896,0.2513504388926401,0.3571910871033085,0.2327819041188387,0.3951721809588117,0.5757371145622326,0.0,0.6555818140895792,1.0,0.6411208642808913,0.7904568984920098,0.5105784379923476,0.7893878010353365,0.5828269187485934,0.7100495160927301,0.7843799234751295,0.4828944406932253,0.23469502588341218,0.3998424487958586
0.017677175963352165,0.20565885206143897,0.1857181352735111,0.0,0.22533009970358397,0.30811102128806234,0.9999999999999999,0.5485313931554837,0.6444624090541632,0.6776610078146051,0.6994880086230125,0.33635138776610074,0.24651037456211256,0.5952034492050661,0.4250067367286444,0.32115332794395035,0.1876583131231473,0.3614120183239019,0.3240097008892483,0.4202101859337105,0.4962543788736188,0.8870385340878469,0.7983292912961465,0.6579897601724604
0.22946360570122942,0.0,0.29866173430529863,0.20596235447720596,0.21597214666521602,0.34925470569034933,0.21216407355021216,0.44880861712544884,0.5915569578935916,0.8889130671308889,0.3393537155913393,0.47590033728647585,0.4895005984114895,0.7226634751387228,0.8866282232618867,0.9546295288869546,0.7590033728647592,1.0,0.5439016429115439,0.7622674355347623,0.7273419649657273,0.8406049396148407,0.8362528560548363,0.6775106082036775
0.2984794883208771,0.29407492444298655,0.6346320549164772,0.35740224445329516,1.0,0.3493662582292716,0.18876367640512615,0.3234074455872361,0.2447110090668415,0.2807440901529883,0.46083920998992567,0.3742707869643651,0.2620012651406882,0.23655788018649104,0.40929644120610076,0.17941569243024147,0.1334723426188411,0.06883302485767162,0.0,0.08502213996204577,0.3413302720052479,0.08183585970995477,0.1053815336316567,0.037907363587376675
1.0,0.8352539319094627,0.6509327727938139,0.4036259900153898,0.45505048609286436,0.5558537592432716,0.5965053864344432,0.482620772493525,0.4123906760256746,0.489339739499268,0.29280057054915354,0.19423069704590668,0.37819526294058026,0.18272587365339132,0.06842836229871252,0.16483990841184637,0.12126046319582595,0.18814984422506664,0.22127547764723543,0.17542509665553097,0.1561127585300851,0.10024023122255166,0.038774820764986284,0.0
0.0,0.6276595744680851,0.16161468959487046,0.37554648790440126,0.682745555231711,0.6075488195861265,0.4593412999125621,0.2799475371611777,0.2153890993879335,0.4982512387059168,0.5320606237248615,1.0000000000000002,0.7231127951034684,0.9759545322063541,0.9252404546779363,0.48280384727484704,0.9342757213640336,0.7034392305450308,0.5835033517924804,0.5568347420577091,0.9581754590498399,0.6320314777032936,0.5324978140483825,0.8566015738851647
0.04716963591808809,0.0,0.004491992131576694,0.016871000249141954,0.04066963405881982,0.04915533442658307,0.055402475801623524,0.08832639826269975,0.11447142862455054,0.45768863206196564,0.33344488942931616,0.36423437192058683,0.4331425724092026,0.4931560335114512,0.48287799853489655,0.5762169840437598,0.49133766914693056,0.5720670972731972,0.7274982058061229,0.7048746295407978,0.8652476731257646,0.8442230675695273,1.0,0.9399270423132271
0.0,0.005328461597016054,0.1844408921367131,0.4476668950293065,0.5597929512065158,0.7529877445383268,0.9177894496460379,1.0,0.7646342391718048,0.8931262845398493,0.7444622059831012,0.6921671614523863,0.5403821268173861,0.7394382279059144,0.6230494024510924,0.5089442033949914,0.592905533987973,0.6034102154220902,0.584532237192662,0.4561163127045748,0.5445687752150414,0.5877293141508715,0.7547385247773466,0.509705412194565
0.70847737632698,0.9869061094624774,1.0,0.657662067488604,0.5039312264814757,0.4011380671214856,0.19175819132988636,0.3670878330834888,0.4066142503135802,0.3956924771315813,0.7030317863370759,0.8811454094900113,0.3101232906048276,0.21121546792302748,0.22574723896350224,0.5222259613913787,0.5077859699574754,0.14391042310398627,0.04371768593018632,0.22586961177226417,0.032459387524092054,0.20781962247988484,0.0,0.3900327347263438
0.1790028926322954,0.4451250638080654,0.7437468095967331,0.0,0.7240088480517272,0.37995575974136464,0.5339458907605922,0.5667857750553001,0.45363280585332666,0.7394929385741024,0.9962565935000852,0.5584481878509443,1.0,0.4811978900799728,0.2385570869491237,0.45261187680789516,0.11366343372468946,0.1584141568827634,0.4036072826271909,0.13629402756508424,0.08779989790709553,0.5513016845329249,0.41670920537689293,0.4165390505359877
0.1825270012134027,0.2840323413866429,0.26446171774571403,0.2208753318836575,0.17139012698679668,0.1059865204176027,0.07664860578829125,0.01283083244230332,0.5361557961002918,0.20689116618811343,0.09758881266744357,0.2113122769922029,0.9999999999999998,0.25573963501808084,0.044054927496185614,0.041736247101649526,0.12979804654180233,0.005658541273712403,0.07175895335007271,0.06179944015281663,0.05435082955897014,0.11196943666878906,0.8100844576330237,0.0
0.36180487271932704,0.416562875559926,0.5125751119851418,0.5077897956954007,1.0000000000000002,0.27870643504861814,0.33875232164317715,0.5320004370151861,0.27315634218289087,0.6445536982410138,0.5091663935321755,0.1897956954004154,0.0,0.31358024691358044,0.4621217087293783,0.9272588222440732,0.3874358133945155,0.13007757019556432,0.7554681525183005,0.8185294438981756,0.8173932044138537,0.7096689609963949,0.5425325030044796,0.2005899705014751
1.0,0.7128111132548716,0.633031063090874,0.4130812270885589,0.6460544086436428,0.4503183484468456,0.3919544665251786,0.48948485433146827,0.4349797414624734,0.6948678371599462,0.4171329345938646,0.2682809183870345,0.4128882886359251,0.3281883079297703,0.2880571097819795,0.0,0.12984757862241958,0.27435847964499316,0.3885780436040902,0.46228053251012935,0.33494115377194666,0.2465753424657534,0.24454948871310056,0.7336484661393015
0.3510796723752792,0.1746090841399851,0.26135517498138494,0.6988086373790022,0.1906180193596426,0.4828741623231571,0.5342516753536857,0.08265078183172003,0.30268056589724496,0.32613551749813846,0.10796723752792256,0.930379746835443,1.0,0.1731198808637379,0.5606850335070737,0.0,0.3507073715562174,0.5067014147431124,0.14780342516753536,0.1731198808637379,0.43037974683544306,0.5934475055845122,0.08116157855547282,0.5398361876396127
0.27244118087816577,0.02832309306159153,0.19076876966881468,0.09830660872171443,0.007642739397572318,0.10714820920125884,0.0,0.15405364903341828,0.21609471002547592,0.20680353664019185,0.09351116439382595,0.4306908436984866,0.5114641090963585,0.8204705529746741,0.33073580098906047,0.4246965382886258,0.28053349318147763,0.6171137419451522,1.0000000000000002,0.42020080923123043,0.3377791098456467,0.6440881162895251,0.6021279784205007,0.7295069683800393
0.23904248145650714,0.5421443020903575,0.21611598111935265,0.19251517194875256,0.42548887390424817,0.3474376264329063,0.1298044504383008,0.21426163182737695,0.34490896830748485,0.18088334457181388,0.34120026972353346,0.3648010788941336,0.28202966958867165,0.0,0.0883344571813891,0.08057990559676331,0.04905596763317599,0.18037761294672966,0.35064059339177345,0.2292650033715442,0.23516520566419424,0.24797707349966286,0.22589345920431564,1.0
0.6220528697308885,0.31602762562514897,0.6106215765658491,0.8449630864491549,0.4698737794713028,0.42533936651583715,0.32245772803048345,0.004524886877828149,0.32626815908549667,0.748749702310074,0.7799476065729938,0.5456060966896883,0.7468444867825674,0.9121219337937607,0.43391283638961664,0.9414146225291737,1.0,0.6665872826863541,0.6175279828530604,0.10097642295784726,0.2624434389140273,0.0,0.39033103119790435,0.30840676351512275
0.2794201250710632,0.0036952814098919484,0.09027856736782258,0.4172825469016488,0.052245594087549696,0.11580443433769189,0.2671404206935759,0.32211483797612284,0.48737919272313823,0.07538374076179644,0.1882888004548039,0.32779988629903356,0.1521887436043206,0.1707220011370097,1.0,0.46861853325753267,0.22524161455372377,0.0075611142694712585,0.08334280841387148,0.7159749857873794,0.10471859010801593,0.057873791927231355,0.0,0.015235929505400758
0.21415716856628675,0.6174765046990601,0.5282943411317736,0.6570685862827433,0.34793041391721646,0.8234353129374127,0.10077984403119378,0.0,0.3065386922615476,0.23495300939812036,0.6712657468506299,0.42991401719656064,0.5450909818036392,0.32533493301339733,0.9148170365926814,0.9940011997600479,0.6702659468106377,0.6120775844831033,1.0,0.43731253749250143,0.5704859028194361,0.5136972605478903,0.7928414317136573,0.30413917216556685
0.9999999999999999,0.6368747470548987,0.6132920599849053,0.5207442328516892,0.9676449033612987,0.8015925970488825,0.7120527657154109,0.757183640878116,0.46865668376666714,0.23254542073657614,0.30276844995241914,0.231101582752699,0.5879045754350657,0.2072891941852707,0.18967874604858737,0.4201240388086148,0.2564562528029053,0.4722444023932709,0.24077092197805805,0.13534887282193764,0.023681130568894093,0.0,0.007733283746978459,0.18060006781663263
0.5680603283696065,0.4936044291714393,0.402348224513173,0.1755441008018328,0.0,0.17153493699885447,0.2693776250477281,0.7262313860252002,0.510500190912562,0.9999999999999999,0.6953035509736541,0.7331042382588772,0.8141466208476517,0.5394234440626192,0.4372852233676975,0.4415807560137456,0.7365406643757159,0.39318442153493705,0.28484154257350125,0.3477472317678503,0.2596410843833523,0.2946735395189002,0.21143566246659018,0.368938526155021
0.628130635143258,0.9999999999999999,0.2662793027449409,0.3069525145261471,0.3091564816670006,0.29733520336605895,0.12282107794029254,0.2670807453416149,0.12181927469445,0.3416149068322981,0.5359647365257464,0.332398316970547,0.19775596072931279,0.17731917451412543,0.30875576036866365,0.15908635543979166,0.0,0.0070126227208976155,0.0240432779002204,0.042676818272891215,0.044480064115407725,0.05570026046884391,0.08755760368663595,0.31717090763374073
0.011010184420589042,0.0,0.2276355628956785,0.2080924855491329,0.15194054500412885,0.15634461877236444,0.12469033856317091,0.03137902559867878,0.6647398843930636,0.22680979906413434,0.6864849986237269,0.45609688962290124,0.8265895953757225,0.362785576658409,0.9744013212221305,0.41370767960363336,0.569777043765483,0.10927608037434627,0.3330580787228185,0.3184695843655381,1.0000000000000002,0.7987888797137352,0.7145609688962289,0.5059179741260666
0.21048411346096024,0.3434900270622432,0.12598977648591764,0.1715946677357923,0.18763155257091313,0.15395409441715951,0.48772176004811074,1.0000000000000002,0.6684374060338779,0.8141725969730381,0.3958103638368247,0.48331161671845246,0.31622732284253785,0.36754535431492436,0.47258694998496553,0.46597173499047817,0.4841134609602086,0.5361331061441316,0.945173899969931,0.7948281046406735,0.7566402726270424,0.0,0.24185626941966526,0.29828605793324653
0.6539064248936647,0.42668457577792707,0.8690396239086636,1.0,0.8840385045892097,0.7121110364898143,0.6359973136333111,0.5186926348779942,0.17595701813297526,0.9738079247817327,0.26975598835907766,0.16924110141034254,0.3463174389970898,0.6084620550705171,0.278934407880009,0.31363331094694424,0.5238415043653458,0.7257667338258339,0.3463174389970898,0.0714125811506604,0.23908663532572205,0.0,0.33131855831654355,0.28654578016565924
0.5454484017030479,0.199770223693992,0.23268230046631055,0.035345002365344325,0.0,0.12732310603500718,0.24477934716496597,0.24559032236264122,0.37750895451780764,0.5222004460363587,1.0,0.6614854362370752,0.3024937487328512,0.38899776981820655,0.5035480164898292,0.4800297357572483,0.3626410758937624,0.25025342974927356,0.25789011286071495,0.43420963708859905,0.5264580658241536,0.7845509224842875,0.7815773467594782,0.35020612286274244
0.1607142857142857,0.0,0.38576494427558256,0.24683383991894625,0.22353090172239104,0.5611702127659575,0.4882218844984802,0.42502532928064835,0.583966565349544,1.0,0.6528622087132725,0.669579533941236,0.8528368794326242,0.43579027355623096,0.6325987841945289,0.6875633232016212,0.4968338399189463,0.41780648429584594,0.3396656534954407,0.48708206686930083,0.533308004052685,0.38867781155015196,0.3119300911854103,0.6047365754812561
0.12180178925749291,0.0,0.1659414488112229,0.1912486510947889,0.2650816305218087,0.5287360323041042,0.593761966094615,0.7006996901869322,1.0,0.7303930100602223,0.6147874821596409,0.8407073484874859,0.8971002889267936,0.9014167856023951,0.6601803181675776,0.575869391165106,0.4384725171441501,0.635395272739931,0.692449611863404,0.6196261356911617,0.7232916768197166,0.6281546976711805,0.6514777039022521,0.513697914853622
0.771772311007362,0.9235051176153708,0.954569940743401,0.8597593822948464,0.5246902495959775,0.1761537080265756,0.06805530615909494,0.25031423954031246,0.6112407972706051,0.40743400969653426,0.9965882564194648,1.0,0.41892619859938934,0.33955826898904634,0.1422158376728317,0.31405997486083675,0.0,0.22230202908960311,0.6694200035913089,0.35338480876279393,0.11887232896390731,0.28155862811994964,0.74393966600826,0.6083677500448914
0.5114365011005837,0.7014068331897787,0.2329409512872045,0.0539764570772322,0.16231218298401762,0.07828500334960287,0.04737295434969846,0.0,0.4004210929275528,0.594315245478036,0.3111302516987271,0.4442530385682839,0.6705904871279547,0.7854340128241935,1.0,0.6224519092736147,0.6577662934252082,0.6223562063355343,0.4401378122308355,0.5492391616422623,0.6623600344530576,0.2705522059527228,0.5559383673078762,0.4471241267106898
0.5174171622769753,0.7247238742565845,0.10492778249787592,0.955395072217502,0.5152931180968563,0.24044180118946468,0.24256584536958364,0.213678844519966,0.43925233644859807,0.0,0.5841121495327102,0.6525063721325401,0.3037383177570093,0.9078164825828375,0.6839422259983007,0.4681393372982157,1.0,0.767629566694987,0.27145284621920135,0.35174171622769745,0.36533559898045875,0.5573491928632115,0.5450297366185216,0.6117247238742565
0.2653673163418292,0.1250374812593703,0.09940029985007498,0.0,0.3319340329835083,0.14542728635682162,0.09880059970014993,0.11229385307346335,0.2032983508245878,0.07541229385307352,0.10089955022488756,0.7337331334332835,0.13823088455772115,0.009295352323838102,0.22833583208395802,0.20629685157421296,0.10824587706146926,0.06041979010494758,0.030284857571214407,0.2472263868065968,1.0000000000000002,0.10194902548725643,0.573313343328336,0.019640179910044964
0.3370383912248628,0.2823400365630713,0.11904936014625231,0.10025594149908593,0.3586837294332724,0.8291773308957952,1.0,0.9820109689213894,0.5228519195612432,0.20511882998171846,0.3314076782449725,0.0,0.4484826325411334,0.6948446069469836,0.7244606946983546,0.7259232175502742,0.773528336380256,0.9359414990859232,0.9719195612431444,0.8881170018281535,0.3923948811700183,0.7971480804387568,0.61308957952468,0.6808775137111518
0.02324561403508779,0.08453947368421055,0.025986842105263253,0.07335526315789481,0.0,0.21217105263157898,0.18432017543859658,0.1347587719298246,0.01885964912280702,0.5578947368421053,0.2853070175438598,0.2472587719298247,0.5455043859649125,0.5752192982456141,0.3689692982456141,0.3416666666666668,0.5322368421052632,0.3141447368421053,0.3952850877192984,0.2985745614035089,0.10000000000000009,0.17850877192982462,1.0,0.5416666666666667
0.0,0.09151897466706727,0.06708721337739065,0.21828376889956946,0.025132672474216577,0.19825773505557232,0.03834985481125469,0.23760889155902676,0.2923800941223591,0.28877540803043955,0.16671673175127666,0.25242815660358475,1.0,0.3470511665164715,0.3879042755582257,0.23820967257434666,0.29027736056873943,0.22979873835986786,0.27565835586262155,0.2903774907379595,0.19265044557925304,0.19014719134875346,0.021427856213077023,0.1103434464804246
0.0494532003859762,0.0,0.11265680283049215,0.09729816661305887,0.1613862978449662,0.543743969121904,0.38822772595689936,0.21228690897394656,0.20295915085236407,0.14819877774203924,0.5939208748793824,0.6773078160180122,0.49847217754905104,0.516403988420714,0.33933740752653585,0.4588292055323254,0.30017690575747835,0.457944676744934,0.48504342232229003,1.0,0.8176262463814731,0.5300739787713091,0.4836764232872306,0.47611772274043096
0.0,0.05640702638393168,0.06900412905031843,0.4699419133599272,0.6444117852893834,0.484008678004059,0.35432850444397784,0.3649660578067044,0.2209391839876828,0.2452935824760305,0.19980404506963395,0.20190356218069838,0.3492896633774232,0.6509202883336832,0.4154244523759535,0.3970886696059906,0.6332843446007418,0.5348169920918189,0.5580516481209321,0.23850514381692212,0.5220799216180279,0.5180208552033032,0.42620197354608436,0.9999999999999999
0.20689987472294497,0.6032572034306638,0.4883877806687867,0.5160450997398092,0.09636696540425943,0.020911631492724292,0.0,0.022646236870001002,0.04211236388166134,0.08017731521634386,0.332466030644695,0.9949889177989784,0.32042015996916257,0.2004432880408596,0.48241302881372267,0.8881179531656549,1.0,0.39635732870771895,0.010022164402042955,0.14069576949021878,0.2884263274549484,0.3968391635347402,0.5300183097234268,0.577238122771514
0.11479009309678545,0.0,0.26667252181041035,0.15278997599391075,0.4573160021078516,0.6415773757245741,0.6145266116283156,0.3088002810468996,0.4124363253117863,0.47107558990573206,0.8400374729199601,1.0,0.5572340300954387,0.6257684876163708,0.5266409040341941,0.5021371274664793,0.716523215644944,0.669623514257275,0.5305638503425257,0.4666256806604602,0.4118800866561275,0.4512852040517593,0.4829615317056034,0.4317582996662567
0.11140730867488619,0.15394868377207593,0.13517716316783296,0.0043318893702099515,0.1192935688103966,0.2231478396090193,0.21681661668332786,0.09019215816949905,0.11718316116849936,0.046873264467399756,0.20437631900477615,0.11884927246473403,0.04609574586249027,0.02621348439409088,0.1371764967233145,0.0,0.02676885482616914,0.10307675219371326,0.1335110518715984,0.15283794290791952,0.5266022436965456,0.4733977563034544,1.0,0.7608574919471287
0.6438059094605584,0.9999999999999999,0.49444293846570875,0.4876660341555976,0.27744646245595006,0.24125779343995657,0.2824613716454323,0.35876931417728375,0.5982651124966115,0.6336405529953917,0.47560314448359975,0.19693683925182975,0.17538628354567626,0.15397126592572508,0.38872323122797503,0.3286798590403903,0.25359175928435884,0.08606668473841145,0.0,0.1093792355651938,0.27297370561127676,0.2674166440769855,0.11900243968555158,0.025752236378422277
0.529179622099976,0.1545084907916766,0.09471418320975838,0.12819899545563262,0.28569720162640516,0.4076775890935183,0.08538627122697917,0.08275532169337474,0.3677349916287969,0.4397273379574264,0.4275292992107151,0.5626644343458502,0.5436498445348004,0.0,0.09770389858885431,0.8799330303755082,1.0,0.5222434824204736,0.579646017699115,0.6803396316670653,0.7088017220760583,0.6423104520449654,0.563501554651997,0.46783066252092803
1.0,0.8391670924885029,0.6162493612672462,0.4227133367399083,0.4767501277465507,0.26124169647419526,0.3740419008686766,0.0,0.04368932038834972,0.03947368421052655,0.5398569238630557,0.9168369954011246,0.7775932549821158,0.2167858967807872,0.7294328053142567,0.22534491568727644,0.24731732243229487,0.3097853857945836,0.39575881451200834,0.30442003065917245,0.32996934082779816,0.3718702095043436,0.45452222789984686,0.1932805314256516
0.06772655007949124,0.04737678855325914,0.12114467408585056,0.0,0.1573926868044515,0.1093799682034976,0.14085850556438792,0.0,0.06550079491255961,0.23974562798092208,0.45786963434022254,0.6022257551669317,0.29793322734499206,0.44006359300476944,0.2009538950715421,0.2327503974562798,0.23402225755166933,0.04737678855325914,0.319872813990461,0.3860095389507154,0.6155802861685213,1.0,0.28362480127186007,0.3564387917329094
0.39292482627921665,0.08654453569172449,0.3215413771320279,0.5293746051800379,0.8553379658875553,0.47599494630448524,0.48325963360707513,0.9712571067593179,0.9204042956411878,1.0,0.9542008843967154,0.6253948199620973,0.9020846493998738,0.5003158559696779,0.7239418825015795,0.5735944409349336,0.494946304485155,0.17435249526216046,0.24352495262160456,0.4772583701831965,0.0,0.8003790271636133,0.3752368919772584,0.05906506632975361
0.39602995916418837,0.07153685867454573,0.07200134184025653,0.1705685402971402,0.17757449471327835,0.22548077233228603,0.22048112714581536,0.2865022482275451,0.17126526504570638,0.25967834540774515,0.9999999999999999,0.21533310539252049,0.17987755707659447,0.07736225171116884,0.18918657385604887,0.2890827102592719,0.3303959073872177,0.22739031423576384,0.16840095219048967,0.10686983504396463,0.09538032784770101,0.12354607092399883,0.12548141744779395,0.0
0.2133281897965088,0.21149580480277752,0.12074452695534765,0.5026521361751374,0.031922075417108675,0.0,0.04330215064133469,0.014562638634391,0.2145819268974829,0.2137139550583469,0.061626000578647866,0.15989970103192208,0.39087665155752715,0.33465136464461376,0.4540457131835277,0.43639695245443144,0.4875108496479891,0.6257112547015141,0.5087279390490885,0.39319124312855613,0.5257016105699682,0.661973189314302,0.9999999999999999,0.7956408525412287
0.39356893805690674,0.352976626060006,0.7615255477594594,0.5243424734191382,0.3144074727734494,0.0,0.1981404158236837,0.4207739658215317,0.639963841418794,0.5490077913133316,0.6174077740949593,0.4643364469889373,0.27450389565666566,0.48426671258232545,0.9171796306659203,0.24036847316086263,0.17958761999052975,0.493952046833972,0.532994705350609,0.5079419740863502,0.9394343764797037,0.6392751065386766,1.0,0.7168869183418707
0.43788130892956145,0.1609816971713811,0.39388056942133476,0.1320484377888702,0.22088186356073214,0.552273987798114,0.6815030504714366,0.80458495100758,0.896838602329451,0.6322795341098169,0.6170733961915325,0.6901922721390275,0.32644666296912517,0.5855056387502313,0.0,0.3582917359955631,0.622296173044925,0.4345535219079313,0.8288038454427804,0.8690146052874841,1.0,0.9095026807173232,0.9576169347383989,0.780458495100758
0.08697548634737853,0.12761348105498854,0.0902468812701736,0.14013201895955102,0.09399808078164532,0.0,0.061851173340312315,0.1394341213760214,0.31259995928930767,0.35134781470819154,0.41584518305272034,0.4793538631539155,0.6421675535781791,0.5061211433888744,0.7197214225479078,0.5497397423594754,0.5140161098025531,0.578586175812033,0.5979092151560091,0.8394835557881882,0.96154293524092,0.8975544505510483,1.0,0.9297158975253715
0.5375395214949745,0.6189420036808082,0.6574489169930633,0.8055778396489077,0.24850172242933333,0.45259780095323476,0.39479024114010697,0.8942947477702803,0.6112500589873062,0.5870888584776557,1.0000000000000004,0.3151337832098533,0.6313057430041056,0.2975791609645606,0.0,0.07828795243263631,0.3264593459487517,0.2272662922938986,0.8062384974753432,0.30206219621537445,0.3265065357934973,0.8266717002501065,0.44976641026851016,0.7260629512528904
0.0,0.07837592162407825,0.22194727805272185,0.338046661953338,0.22952227047772944,0.22502777497222493,0.217048782951217,0.15826684173315808,0.3633471366528632,0.39884860115139875,0.46869003130996845,0.5888799111200886,0.3722351277648721,0.43687506312493674,0.8251186748813251,0.8985961014038983,0.9189980810019187,0.9999999999999998,0.7585597414402585,0.9994445005554993,0.9187960812039184,0.9271285728714269,0.797141702858297,0.8627411372588627
0.8369166229680126,0.9999999999999999,0.8474042999475616,0.35815416885159934,0.6688515993707395,0.4103303618248557,0.5023597273203986,0.3125327739905611,0.5765600419507079,0.7105401153644467,0.5243838489774515,0.3710015731515469,0.2766124803356057,0.6528578919769271,0.0,0.6227058206607236,0.43078133193497636,0.33901415836392246,0.1368641845831149,0.12847404299947562,0.03015207131620351,0.3715259570005244,0.22181436811746202,0.5416885159937075
0.9202754976884613,0.05104255118407397,0.011793565430701092,0.5037267666761016,0.7432776677045005,0.5513727710161338,0.5542975752429475,0.7775261817152561,0.17294084347579952,0.5500518916878951,0.9177280875554299,0.028681951127464744,0.15671289744315486,0.3345598641381262,0.39428247947919615,0.29861307670534964,1.0,0.9983960751014247,0.4180583073874895,0.5164638173412586,0.3130484007925274,0.0,0.06500613265402388,0.1448249834890083
0.5598512489475163,0.4113808588268315,0.48449340443446554,0.9015576761156332,0.6853073252876791,0.735195060342408,0.9654083637384228,1.0,0.6641874824586025,0.16411731686780806,0.14187482458602307,0.24073814201515575,0.660749368509683,0.39538310412573696,0.40296098793151836,0.10468706146505768,0.45516418748245857,0.11324726354195924,0.17801010384507454,0.4108195341004772,0.15590794274487796,0.0,0.4850547291608198,0.2268453550378895
0.0,0.03419750901282756,0.07558043851559271,0.05133818364742379,0.06973335693281293,0.10057415049636537,0.03756354004614321,0.044252129387251926,0.05475079260094212,0.12903947012957978,0.06751003754180368,0.03776227250567474,0.13962818398899518,0.6496005167043948,0.5741411807813293,0.702457140550427,0.7010008042454223,0.7598970317444054,0.7503392425188098,0.6890489099214077,1.0000000000000002,0.772917113038402,0.6583012721982606,0.9018168494073737
0.0,0.045592420861338606,0.2845918462792469,0.26541683926400045,0.3427849860363189,0.3403663963012948,0.37313093790504703,0.3021232812646151,0.518714005104427,0.6600077501770514,0.5629701885431003,0.44893568689284713,0.7252428611515694,0.6157248419899247,0.6520571375121932,0.7561633951120436,0.6908080227694857,0.925918997287438,0.7574862701604822,0.8359634939936128,1.0,0.7726392025335063,0.6956719269879873,0.8437537581677512
0.032313826079683305,0.07469261438090727,0.0,0.2303231382607969,0.013076086653469765,0.05952546909415338,0.002481389578163795,0.09086346781163748,0.3633423481194413,0.4397356901887529,0.650514400423788,0.39900186801237914,0.5128391000083644,0.5074859899071571,0.5823737697605043,0.49443778403546446,0.8085705523182872,0.5607382831014581,0.41991245434521995,0.6690551203055735,0.787325396604121,0.7014525887305881,1.0000000000000002,0.882705551063652
0.0,0.1170858629661752,0.08911535125758889,0.2193553050014455,0.31714368314541774,0.23561723041341426,0.1291558253830587,0.11607400982943046,0.14917606244579357,0.0761058109280139,0.26611737496386234,0.17830297773923098,0.6087019369760047,0.5589043076033536,0.4746313963573286,0.5689505637467477,0.8401994796183868,0.6257588898525586,0.7708875397513733,0.935024573576178,0.8200346921075455,0.9257733448973691,1.0,0.7786932639491183
0.0450598966919441,0.0,0.31992526651280373,0.6575447851412243,0.14902736564457641,0.4708209693372899,0.46070996812836584,0.3764149906583142,0.8981206726013847,0.8750412133201452,0.8982305747884382,0.9945048906473241,0.4558742718980108,0.6673260797889878,0.9030662710187932,0.7405209363666337,0.4744477415100562,0.1704582921200133,0.24486207275524785,0.08550390152764042,1.0,0.17639301022090337,0.5630289042751951,0.7179909880206617
0.6562784763987608,0.42746491707672685,1.0000000000000002,0.882084928011664,0.6014215418261346,0.6120831055221434,0.43475487515946787,0.275651540003645,0.2313650446509934,0.211135410971387,0.3676872607982504,0.4790413705121195,0.5506652086750503,0.9206305813741571,0.3686896300346274,0.0,0.34672863131037013,0.022963367960634362,0.6506287588846364,0.7668124658283215,0.725715327136869,0.2342810278840899,0.4313832695462001,0.1652086750501185
0.5041688111168297,0.411219763252702,0.7175501801338138,0.9202264539372105,0.9012866700977868,1.0,0.5182707153885744,0.6725681935151828,0.4206896551724138,0.9908389089037573,0.7715903242408646,0.678950077200206,0.3021101389603706,0.3811631497683993,0.7872362326299538,0.6594956253216675,0.6022645393721051,0.3504889346371591,0.4673185795162121,0.294287184765826,0.13648996397323726,0.0,0.06361296963458574,0.16922285126093667
0.8362503265290893,0.6707094077695265,0.5717804231816995,0.7557562413703027,0.7935216628727098,0.6297346717916186,1.0,0.7851252005821548,0.5783483225734225,0.5998059484270628,0.6630219800723962,0.6539538007985969,0.48908459902227874,0.5281561368809943,0.46135761465835734,0.30376534686718665,0.24625890957943058,0.4877038474456097,0.5149830204873681,0.46639549203269026,0.04847557562413703,0.03533977684069113,0.0,0.26670895995820426
0.7248363338788871,0.9656301145662848,0.5188216039279869,0.5343698854337152,0.7017184942716858,0.5474631751227497,0.7831423895253683,0.5042962356792144,0.8880932896890344,1.0000000000000002,0.443126022913257,0.382569558101473,0.223404255319149,0.0,0.3494271685761048,0.32201309328968897,0.1491407528641571,0.15220949263502456,0.2755728314238952,0.13420621931260227,0.4073240589198036,0.6695990180032734,0.5484860883797054,0.7526595744680852
0.0972341381705275,0.3638926339012134,0.4032356906483636,0.1924255423458756,0.23148261633370093,0.0,0.44155738039792447,0.3075540303141724,0.1661559831678716,0.4865792376516729,0.9179638027536055,0.8993340687175715,0.15937410630387694,0.22167749315684104,0.5559913388078603,0.4671732646974709,0.5731503043673651,0.5036564938513706,0.4497691710585445,0.0998488376843567,0.1113698574171671,1.0000000000000002,0.6900763982514195,0.18302896596805174
0.0,0.04330215064133469,0.014562638634391,0.2145819268974829,0.2137139550583469,0.061626000578647866,0.15989970103192208,0.2271192979072234,0.39087665155752715,0.33465136464461376,0.4540457131835277,0.43639695245443144,0.6257112547015141,0.5087279390490885,0.39319124312855613,0.5257016105699682,0.661973189314302,0.9999999999999999,0.7956408525412287,0.5682322306876265,0.4591571029028835,0.9349985533802679,0.7484810492815123,0.40418555309094406
0.42300188593353705,0.6355596020029916,0.5819730766729533,1.0,0.8093581322754765,0.7547961240814204,0.490342719646225,0.3351433959810107,0.22949860180789494,0.35927033881771486,0.412954412434155,0.38034076868049704,0.2182480327762243,0.19012161019704765,0.3258763087728428,0.46540287442283923,0.629511608246082,0.13195031540612612,0.05843142355465958,0.23694478766989668,0.05774858554984719,0.0,0.06834883267217284,0.3176172205241595
0.6455272456760274,0.34573182071787245,0.23581923005393335,0.48372698530779246,0.11233029570392405,0.04314673609819597,0.44839129626185603,0.16049841919285845,0.36246977868700025,0.5782034591779802,0.6049841919285849,0.4956295331969499,0.7915194346289754,0.09224474614097078,0.0,0.557931932304259,0.19527617630649063,0.3129998140226894,0.1329737771991818,0.45769016180026034,0.9999999999999999,0.48707457690161815,0.8766970429607589,0.8305746698902733
1.0,0.530151153540175,0.46610978520286395,0.3003977724741447,0.5177406523468576,0.26483691328560055,0.35425616547334926,0.2898965791567223,0.3128082736674621,0.7641209228321401,0.32092283214001593,0.4306284805091487,0.45632458233890216,0.47136038186157514,0.2665871121718376,0.5560063643595864,0.34622116149562443,0.4874303898170247,0.15178997613365153,0.03731105807478119,0.6992044550517104,0.06300715990453465,0.0,0.13659506762132057
0.5082090353042172,0.26944951175018783,0.4077690739349715,0.3726794720463571,0.3993990771542011,0.5340701792037774,0.15945916943878102,0.39338984869621196,0.42182637622062447,0.333619487069428,0.3960725399720999,0.16890224272990673,0.502521729799335,0.1892906964266552,0.9352934864255822,0.7218585685159353,0.5324605644382445,0.0,0.46550059019208057,0.5647601673999354,0.7827020066530741,0.9619057838823908,0.7262581822083916,1.0
0.9425178556062299,0.8544015144996127,1.0,0.9318475174253504,0.3392995439290938,0.5290422510971515,0.45959900180707325,0.2868944152826778,0.5212976508045779,0.7284226830737457,0.5381636692195162,0.30909560278805603,0.3795714654504775,0.0,0.08114620084330082,0.1176318733327596,0.28224765510713357,0.26701660786507186,0.17933052233026403,0.39738404612339717,0.34669993976421987,0.5554599432062644,0.40478444195852326,0.2868083641683159
0.13152035623409675,0.5612277353689568,0.06488549618320605,0.9610368956743003,0.8311068702290076,0.7460241730279897,0.20101781170483468,0.4968193384223918,0.057410941475826927,0.32029262086514,0.3271310432569974,0.7673346055979644,0.26240458015267176,0.9998409669211197,0.6970419847328244,0.11513994910941472,1.0,0.7132633587786259,0.3872455470737912,0.10861959287531797,0.08985368956743,0.0,0.6536259541984732,0.2038804071246818
0.4584235960673221,0.1526412264622562,0.2254624229295118,0.2742876187302117,0.3316113981003166,0.39743376103982675,0.2797867022162972,0.2816197300449924,0.5284119313447758,0.5940676553907682,0.6070654890851525,0.3491084819196799,0.4119313447758707,0.43409431761373096,1.0,0.3064489251791368,0.12431261456423925,0.3676053991001499,0.0,0.08565239126812191,0.03149475087485415,0.3391101483086152,0.17463756040659884,0.2452924512581236
0.0,0.13363990592199948,0.4848176361147192,0.2430933408221294,0.4080808789974375,0.4205427036894023,0.5235019482570997,0.4672657703513885,0.7472882367395655,1.0,0.6179660897953454,0.7381963702741603,0.8776985993611122,0.8745041597921861,0.49569979288798405,0.8205848281672343,0.8105802646821358,0.5230807034787799,0.5047565556218627,0.33239723382595576,0.568680450731913,0.29167690525502854,0.32130445466353064,0.2701934215607118
1.0,0.8547817166305709,0.9206656787871879,0.3270261028154564,0.5586458452068848,0.9684258520460503,0.9960104867206201,0.7412515673087883,0.7124130856035562,0.3883506212242107,0.8670922147498006,0.6015046164367945,0.8189900832098485,0.4944716744557165,0.623047988145446,0.7379459705915878,0.34480793343212124,0.0,0.023253163114100084,0.550666818648125,0.6753676051521713,0.9094950416049241,0.5115695885102018,0.12276302291120478
0.5526113671274961,0.8698156682027649,0.3200844854070661,0.42127496159754235,0.47139016897081415,0.8277649769585254,0.2862903225806452,0.7336789554531489,0.1630184331797236,0.07872503840245781,0.42857142857142866,0.3004992319508449,0.7828341013824884,0.0,0.4902073732718894,0.5652841781874041,0.999615975422427,0.2845622119815669,0.9172427035330262,1.0,0.7425115207373272,0.9475806451612905,0.7599846390168972,0.5608678955453148
0.26996687523003327,0.9633787265366209,0.4827015090172986,0.6691203533308796,0.3971291866028708,0.4217887375782112,0.5106735369893265,0.1954361428045639,0.5469267574530732,0.4556496135443504,0.3076923076923077,0.610047846889952,0.30677217519322797,0.0636731689363268,1.0000000000000002,0.33179977916820036,0.5022083179977916,0.11630474788369516,0.2872653662127347,0.29370629370629353,0.6818181818181817,0.21751932278248054,0.0,0.8010673536989328
0.9999999999999999,0.38232502965599047,0.3378410438908659,0.666785290628707,0.6553973902728351,0.09110320284697504,0.44175563463819667,0.46061684460260965,0.31791221826809,0.16631079478054556,0.24899169632265705,0.197508896797153,0.46026097271648847,0.0,0.8137603795966782,0.5313167259786477,0.13155397390272827,0.1893238434163701,0.09857651245551602,0.30118623962040325,0.2758007117437722,0.4245551601423486,0.3526690391459074,0.23546856465005916
0.4253705618752154,0.0,0.6932092381937262,0.7886935539469148,0.377111340916925,0.527749052051017,0.03826266804550149,0.35884177869700096,0.8907273354015856,0.18821096173733187,0.3040330920372286,0.9999999999999999,0.6566701137538778,0.4057221647707686,0.8231644260599792,0.8862461220268872,0.8300586004825922,0.14443295415374002,0.34264046880386057,0.14408824543260945,0.05997931747673213,0.05067218200620471,0.562564632885212,0.5570492933471215
0.3724446337308348,0.811839863713799,0.34390971039182294,0.0,0.7235093696763203,0.5267461669505963,0.3549829642248723,0.4365417376490631,0.6064310051107328,0.40323679727427597,0.6907155025553663,0.5440800681431005,0.7233816013628621,0.4117972742759797,0.26678023850085186,1.0,0.4864565587734243,0.7051107325383305,0.9324957410562181,0.9287904599659288,0.6625638841567291,0.7334327086882456,0.8424616695059627,0.5723168654173766
1.0,0.5574974670719353,0.30977710233029376,0.6517223910840932,0.41185410334346506,0.7127659574468086,0.21377912867274573,0.2819148936170214,0.2821681864235056,0.10942249240121577,0.37740628166160084,0.37892603850050655,0.07674772036474165,0.27330293819655527,0.053951367781155,0.4685916919959473,0.14690982776089156,0.0,0.34042553191489366,0.4650455927051672,0.28394123606889565,0.5400202634245188,0.23049645390070927,0.288500506585613
0.9926083688298671,0.6164495114006515,0.8749060385868205,0.8188423953896268,0.532886494612879,0.9059133049361064,0.6333625657729894,1.0,0.7579553996492109,0.7765597594587824,0.0,0.2146078677023302,0.3476572287647207,0.32704835880731664,0.2132297669756953,0.11438236031069904,0.5562515660235531,0.44005261839138077,0.6522801302931597,0.49229516411926844,0.4340390879478827,0.1968178401403159,0.357053370082686,0.25952142320220506
0.5426786953504512,0.34732824427480924,0.7609299097848718,0.9923664122137406,0.44899375433726596,0.7199861207494795,0.5607217210270646,0.45107564191533667,0.7085357390700904,0.8469812630117974,1.0,0.5211658570437198,0.34802220680083285,0.0652324774462179,0.5232477446217905,0.541290770298404,0.5659264399722416,0.43337959750173494,0.12213740458015265,0.5392088827203332,0.47883414295628046,0.20402498265093683,0.0,0.4021512838306732
0.3294595438925335,0.7737582005623241,0.9999999999999999,0.6314276788503591,0.7587628865979382,0.523149015932521,0.6823492658544205,0.5352702280537333,0.20737269603248987,0.5365198375507653,0.23661355826304276,0.16282411746329262,0.6217432052483599,0.7615745079662605,0.2867853795688847,0.35226491721337083,0.31590128084973446,0.39481412058731646,0.2149953139643862,0.07672602311777565,0.42742892845985636,0.09846922836613559,0.0,0.39044048734770376
